"npts","degree","parity","convergence_diff","iteration_time","coefs_json","coefs_recovered_json","constraint_violated_coef","constraint_violated_rec","sup_diff","sup_diff_rec","max_abs_coef","max_abs_rec"
"101","101","1","inf","321.071346282959","[0.012574978896227067, -0.04505719856864363, 0.07939474271739205, -0.10563100214668758, 0.12708300293281907, -0.13186403858910653, 0.11825518665646886, -0.1020571653881744, 0.0769593550523529, -0.040682901362960266, 0.005329034398178122, 0.033573006699891536, -0.06592421753361571, 0.07177917796645536, -0.06353803915588406, 0.04781993495506923, -0.021592522858347528, 0.0029044967435768168, 0.013082983005206472, -0.03953639024766799, 0.0544913790708334, -0.055012355401450386, 0.04992617276361582, -0.023960363062705804, -0.004605923227821833, 0.015499229703052678, -0.034267632089844645, 0.053865508113419835, -0.05766561950601355, 0.06349467817574923, -0.04350786108648351, -0.01633690687293307, 0.059945432405977585, -0.08421044814292418, 0.09400342667643483, -0.05048204994599413, 0.004716104871932431, 0.010847105793247647, -0.0621738018866789, 0.10489833942994638, -0.09784934864019809, 0.10175843851756092, -0.01934759476132939, -0.16136620677207356, 0.201611017792764, -0.15192801887231983, 0.06948369985257942, 0.3327515791039775, -0.5139716072932741, -0.6615657745282392, -0.15184891807920559]","[0.0, 0.02092481436225355, 0.0, -0.059446877071352884, 0.0, 0.09153406874394265, 0.0, -0.11497650959807028, 0.0, 0.12663987024199952, 0.0, -0.1268718868637233, 0.0, 0.11624576365566616, 0.0, -0.0939585119361481, 0.0, 0.06421710547324871, 0.0, -0.03141238947614184, 0.0, -0.0015545835216877234, 0.0, 0.029135408690755822, 0.0, -0.048468967807671806, 0.0, 0.059774112714432365, 0.0, -0.059908827182385285, 0.0, 0.04899754728195583, 0.0, -0.030471612735148028, 0.0, 0.005767855205418037, 0.0, 0.01964152654069081, 0.0, -0.038698271920982664, 0.0, 0.05067421871230209, 0.0, -0.05312958442315803, 0.0, 0.043994301694945184, 0.0, -0.027283197955165282, 0.0, 0.00430871538129511, 0.0, 0.022876601542941015, 0.0, -0.04465460845100015, 0.0, 0.05685546903333984, 0.0, -0.05780545169629467, 0.0, 0.04295043993912136, 0.0, -0.01722453103969795, 0.0, -0.011917139993613548, 0.0, 0.04342724233976729, 0.0, -0.06697233854368903, 0.0, 0.07292384094902377, 0.0, -0.062066720835124475, 0.0, 0.02963162503849264, 0.0, 0.02076784560392699, 0.0, -0.06799869377639889, 0.0, 0.10142864755618614, 0.0, -0.10846520057318451, 0.0, 0.06832427503357599, 0.0, 0.010328689548663717, 0.0, -0.10484303610549116, 0.0, 0.18611602705677957, 0.0, -0.17968708207850959, 0.0, 0.01817893816971889, 0.0, 0.2882722254236454, 0.0, -0.4773222247267556, 0.0, -0.6155946096155653, 0.0, -0.14123050561810027]","True","False","2.235941515331432","1.99834360661898","0.32913492248126874","-1.767186658008235e-05"
"128","101","1","1.2238528804327964","419.9349532127381","[0.015417601942149623, -0.054305240805145906, 0.08076268110850551, -0.10946310136651932, 0.11982012613693739, -0.12174691053309707, 0.10851451551564972, -0.11311282222275242, 0.07423971441024885, -0.004495604520875181, 0.015920500020846686, -0.010725047336031197, -0.05119481374549683, 0.05638216277986573, -0.08009060695118404, 0.06493226490714465, -0.027417585493352454, 0.017565707843713824, 0.028737636526724585, -0.02260370338823384, 0.05251657295261996, -0.03629947995192124, 0.05162253220312063, -0.028229976123187082, 0.03295674124841861, 0.006273541304203936, -0.022995120840891517, 0.05624407314469074, -0.05850234871955356, 0.05608478767913921, -0.04110550190712724, 0.020273390123783926, 0.02158735318417825, -0.05432610915760747, 0.0722627758289495, -0.07448857167496117, 0.06000937344424184, -0.02914219106361108, -0.02360390418691074, 0.06342423993323394, -0.11486409394984554, 0.09866888399814126, -0.10275560364018882, -0.02906894654054186, 0.03192552174270807, -0.2921085576920768, 0.04840069834037722, -0.40720918984396376, -0.7442945353473189, 0.1183596771730647, 0.2896669289850759]","[0.0, 0.02004700175701339, 0.0, -0.055499314233872235, 0.0, 0.08808056236923978, 0.0, -0.10954010157111141, 0.0, 0.12326633946140855, 0.0, -0.12326283036062849, 0.0, 0.11439175877166266, 0.0, -0.09300031486424445, 0.0, 0.06719479149094779, 0.0, -0.03668133567468595, 0.0, 0.004698621879306043, 0.0, 0.024037987297789592, 0.0, -0.04414761372336669, 0.0, 0.05635127887760161, 0.0, -0.05793238821735885, 0.0, 0.05048413812168467, 0.0, -0.035037804991729274, 0.0, 0.01402263519085068, 0.0, 0.009006555376545265, 0.0, -0.029370661789958955, 0.0, 0.04525375049071477, 0.0, -0.05117245828443761, 0.0, 0.04868820555862303, 0.0, -0.0351940502925375, 0.0, 0.01501217009654866, 0.0, 0.008500882115955734, 0.0, -0.03068787954473659, 0.0, 0.04767503120774519, 0.0, -0.05522734281657677, 0.0, 0.05213538930108655, 0.0, -0.03528481547373888, 0.0, 0.00972522307746803, 0.0, 0.0196966491030414, 0.0, -0.04707604555005078, 0.0, 0.06612611249707073, 0.0, -0.07037962576863181, 0.0, 0.05454617025538047, 0.0, -0.024482699578744473, 0.0, -0.022480465606621727, 0.0, 0.06091403772663822, 0.0, -0.10385793101040747, 0.0, 0.09168637193140056, 0.0, -0.09327774938632077, 0.0, -0.028122193390958544, 0.0, 0.029806624715419568, 0.0, -0.2715773976589643, 0.0, 0.03950954481658493, 0.0, -0.3771859398256664, 0.0, -0.6991382730302458, 0.0, 0.1082672957362643, 0.0, 0.27550578171934104]","True","False","2.103849924089145","1.984986280092845","0.1715913536077469","-2.0573282408453686e-05"
"256","101","1","0.179699297748013","340.2279360294342","[0.019911782887229834, -0.05793845930077769, 0.09097075697291405, -0.11108111186330981, 0.12529627339805163, -0.12228460792235836, 0.1118148546000681, -0.09064815552103038, 0.0719693832076682, -0.036579798503824874, 0.006683581391252335, 0.024742825612689694, -0.04321185984249721, 0.062437259422055094, -0.06058002987896607, 0.05120478401177447, -0.033002657828472885, 0.009839409199148899, 0.009065855213705154, -0.03191814566067543, 0.0424761897840881, -0.051717864710967294, 0.05040263227766673, -0.03335707548413283, 0.016117597192706362, 0.014033370222040136, -0.036218192102459794, 0.04024230707626463, -0.053258176327925254, 0.05520755752248232, -0.0339332272999308, 0.00582777775689546, 0.019300942274698526, -0.04681907836832776, 0.06645801703195382, -0.06997390264330433, 0.05401144347250107, -0.022596019724205926, -0.02255240828432939, 0.06591664491976891, -0.10162661441391564, 0.10060140802700338, -0.08019095955058105, -0.015119275944083162, 0.06344891459342912, -0.24543144328561092, 0.08473430215263038, -0.33903504439099363, -0.7620949678630908, 0.004104603405371789, 0.23518283597581352]","[0.0, 0.01955687095754596, 0.0, -0.05666564923852374, 0.0, 0.08833719245326593, 0.0, -0.11147472374531292, 0.0, 0.12395465514331477, 0.0, -0.12484863996415835, 0.0, 0.11448392984811114, 0.0, -0.09415011777202142, 0.0, 0.06658937664098981, 0.0, -0.035191449865404976, 0.0, 0.003870054408868831, 0.0, 0.02410353895912043, 0.0, -0.04503760449081487, 0.0, 0.05692199405590187, 0.0, -0.05858895067034725, 0.0, 0.050533255513271064, 0.0, -0.03430979701555662, 0.0, 0.012857342910058387, 0.0, 0.01007957107184842, 0.0, -0.03063375121456743, 0.0, 0.04521349987350207, 0.0, -0.051160783201056645, 0.0, 0.047409770000142, 0.0, -0.034282657049438545, 0.0, 0.014228864074979452, 0.0, 0.009317344302763758, 0.0, -0.031604733481663164, 0.0, 0.04838083815023878, 0.0, -0.055249216585213964, 0.0, 0.050457608984615966, 0.0, -0.03394453229981287, 0.0, 0.008473616364390533, 0.0, 0.021301563995234897, 0.0, -0.048484349808499805, 0.0, 0.06628483424802208, 0.0, -0.06897664070154805, 0.0, 0.05333730804070332, 0.0, -0.021089644363600273, 0.0, -0.023303374702096744, 0.0, 0.06609014115945822, 0.0, -0.10026860681001212, 0.0, 0.09880200147690169, 0.0, -0.07818781984966021, 0.0, -0.015164279254416727, 0.0, 0.06331791976882209, 0.0, -0.24262677319326195, 0.0, 0.08275871638148401, 0.0, -0.33387988743661834, 0.0, -0.7515882801088082, 0.0, 0.003157872017487312, 0.0, 0.2320673017174288]","True","False","2.0205248132269467","1.998825238694526","0.04580732766356199","-8.325171408918308e-07"
"512","101","1","0.9988419347684936","363.2234859466553","[0.019673712924889775, -0.05633194113733354, 0.08735405263775477, -0.11081498601335736, 0.12328810319674964, -0.12438255855006662, 0.11438221084292298, -0.09359548657414189, 0.0672550698791669, -0.03591169412219889, 0.005115228496684149, 0.022667172247495263, -0.044485711449564265, 0.056914507944402164, -0.05900569101464114, 0.050253626702167285, -0.034213544440485286, 0.014236114724803715, 0.0079392493943485, -0.029041762988002404, 0.04453711081623937, -0.050537198828473504, 0.04687520594363185, -0.03587304903541759, 0.017057719632114145, 0.008074286536658811, -0.029783014323475607, 0.04505240015334969, -0.05623212688670696, 0.0497517443048412, -0.03656567022520988, 0.011350370902393228, 0.017192177516008572, -0.04419036363316096, 0.06326777715140021, -0.06823024215290757, 0.05602008560657995, -0.026925298312974567, -0.014160573484670536, 0.05779040930064933, -0.09171841302877494, 0.10245816529362671, -0.07928450994879799, 0.019379615789641664, 0.06818715694823517, -0.15776527142013308, 0.2029716359862781, -0.13679500367068978, -0.1282009325359381, 0.6938869700419283, 0.47111149028771215]","[0.0, 0.019412838011281155, 0.0, -0.05635631099625286, 0.0, 0.08784628742019501, 0.0, -0.11088060455294715, 0.0, 0.12337512565190517, 0.0, -0.12435904427195732, 0.0, 0.11410292467563968, 0.0, -0.0941031729373466, 0.0, 0.0668933331931392, 0.0, -0.035812949168865335, 0.0, 0.004568170899741826, 0.0, 0.023162030149347194, 0.0, -0.044203363477679516, 0.0, 0.056282587125961014, 0.0, -0.05833188434104993, 0.0, 0.05066168643455064, 0.0, -0.034931603687084256, 0.0, 0.01394836748423348, 0.0, 0.00869968527256735, 0.0, -0.029176685985129708, 0.0, 0.04396859172345319, 0.0, -0.050463511327743175, 0.0, 0.04740743412917679, 0.0, -0.03519059335045291, 0.0, 0.015870010805250738, 0.0, 0.007071119736243422, 0.0, -0.029287219581230543, 0.0, 0.046267956428246174, 0.0, -0.05419526637323943, 0.0, 0.05079872993212619, 0.0, -0.03590760608572426, 0.0, 0.011811975085026225, 0.0, 0.016945669261540022, 0.0, -0.04419089578067011, 0.0, 0.06323129372002723, 0.0, -0.06829610406704556, 0.0, 0.0560475299354445, 0.0, -0.026897547355344657, 0.0, -0.014215687190987654, 0.0, 0.05793569665760174, 0.0, -0.09170397711138167, 0.0, 0.10221635693554694, 0.0, -0.07905190950741905, 0.0, 0.019158905150921463, 0.0, 0.06829132668932018, 0.0, -0.15741074981970526, 0.0, 0.20233150075144823, 0.0, -0.13598785318826184, 0.0, -0.12821605302096217, 0.0, 0.6913663244705406, 0.0, 0.4694890948416009]","True","False","0.010743510444110926","0.001243031779174154","0.010730081871693553","-8.061107781287546e-09"
"1024","101","1","0.0054877414859238","326.2700049877167","[0.019060255943966355, -0.0562569286937016, 0.08835964531289821, -0.11068924153123198, 0.12320445391687494, -0.12498712091760855, 0.11391577950326162, -0.09425776560835045, 0.06659327221368416, -0.03594730220894986, 0.004502309527318649, 0.0233259322197365, -0.04434613597521501, 0.05618912955157975, -0.05824399278715524, 0.05075626567872908, -0.03498957036095308, 0.013909093586178933, 0.008868320762880027, -0.02935688059147692, 0.04405779692259347, -0.05052657577477843, 0.04740717423045832, -0.0351026772335606, 0.015613635423048456, 0.007351405865550882, -0.02943768606977648, 0.04612543389638171, -0.053949266618749936, 0.050648668822205464, -0.03589660816799935, 0.011828032631629747, 0.017135738953986453, -0.04438590732695786, 0.06335948382690568, -0.06816311357191511, 0.055942988675106865, -0.026591426795702956, -0.01444270846061087, 0.05809569223084901, -0.09182515551647735, 0.10211870250522329, -0.07883065305258576, 0.01864604904955225, 0.06898979430990575, -0.1577585014478396, 0.20215737241517698, -0.1353022325095892, -0.12929501682366987, 0.6914955126557496, 0.4709244400230975]","[0.0, 0.01942977725668792, 0.0, -0.056400271247848535, 0.0, 0.08790807311237123, 0.0, -0.11095563410187796, 0.0, 0.12344816299079037, 0.0, -0.1244180011592087, 0.0, 0.1141408316829923, 0.0, -0.09410889521362947, 0.0, 0.06687433092705129, 0.0, -0.03576465143457819, 0.0, 0.004503254854486877, 0.0, 0.023232699837725874, 0.0, -0.0442660032688527, 0.0, 0.056322568273337786, 0.0, -0.058342199125562176, 0.0, 0.050634334133043774, 0.0, -0.03486893977897346, 0.0, 0.013863247918944716, 0.0, 0.008793188857729303, 0.0, -0.029261395064721134, 0.0, 0.044027580250557315, 0.0, -0.05048149867173825, 0.0, 0.047376418169171944, 0.0, -0.03511333864431143, 0.0, 0.01576240840846484, 0.0, 0.007194277187909398, 0.0, -0.029390812517728078, 0.0, 0.046321962604920205, 0.0, -0.05418669335862314, 0.0, 0.0507071253419103, 0.0, -0.035747899942638175, 0.0, 0.011606788885220092, 0.0, 0.017152232951765635, 0.0, -0.04434546407668841, 0.0, 0.06328917779992385, 0.0, -0.06822457444070607, 0.0, 0.05584356685237473, 0.0, -0.026596914095092586, 0.0, -0.014539995432351661, 0.0, 0.05818325320647075, 0.0, -0.0917686786573784, 0.0, 0.1020262219276944, 0.0, -0.07860074247688005, 0.0, 0.01854410983140133, 0.0, 0.06885982860444415, 0.0, -0.15765482470793524, 0.0, 0.20200099062869709, 0.0, -0.1350759875316792, 0.0, -0.12915541108402862, 0.0, 0.6907563611052162, 0.0, 0.47046602807871607]","True","False","0.00597100733620895","0.0055963266845070105","0.0026640067737127016","-4.603620928911312e-09"
"2048","101","1","0.002592858348938","309.21605706214905","[0.019451008022539417, -0.056423142352628484, 0.0878628074912285, -0.1108625519887324, 0.12337025215981429, -0.12438613296760938, 0.11412599581959318, -0.09409967263162679, 0.06688839350882915, -0.035831372609551014, 0.004592524172339286, 0.02315079483518519, -0.0442295801671803, 0.05631009821425124, -0.058319315259309445, 0.050635009292201605, -0.034934091683589116, 0.014026459017295554, 0.00861668628521423, -0.029133335184274987, 0.043967691030991664, -0.05046768492467464, 0.04746531325251941, -0.03524322793385159, 0.015909709023906576, 0.007129829202158645, -0.029319458562773393, 0.046220000692123474, -0.05416600569262702, 0.050811424613460617, -0.03597410204550829, 0.01183179490704533, 0.016927470280442832, -0.04414997459371107, 0.06315904127345637, -0.06835558964029119, 0.05598816971110606, -0.026990135468926632, -0.0142321183745493, 0.05783887073737695, -0.09170371563319571, 0.10235740109993982, -0.07907401139990639, 0.019212596554474166, 0.06824908660788451, -0.15752882932568557, 0.2024727452885021, -0.13608222420271318, -0.12817912095747278, 0.6915169276705672, 0.4695972420192371]","[0.0, 0.019415550029688033, 0.0, -0.056360757153328264, 0.0, 0.0878487784914515, 0.0, -0.11088764058300964, 0.0, 0.12338322693340724, 0.0, -0.12436838826498982, 0.0, 0.11411533729611395, 0.0, -0.09411331350462263, 0.0, 0.06690906095333696, 0.0, -0.03582482637716866, 0.0, 0.00457823022901375, 0.0, 0.023157216207687476, 0.0, -0.044204713298065745, 0.0, 0.05629000850436938, 0.0, -0.05834776784950835, 0.0, 0.05068254536020142, 0.0, -0.03495497447708103, 0.0, 0.013976225102777, 0.0, 0.008672166867027327, 0.0, -0.029153048921718404, 0.0, 0.043954172257098884, 0.0, -0.05045828819959364, 0.0, 0.04741180501529402, 0.0, -0.03520358288703033, 0.0, 0.015891787133589835, 0.0, 0.007052516010391812, 0.0, -0.029270529994912177, 0.0, 0.046255303385823454, 0.0, -0.054200054950895304, 0.0, 0.05081155072326977, 0.0, -0.035935449302195194, 0.0, 0.011845515198692041, 0.0, 0.01690950950960074, 0.0, -0.04415734566002895, 0.0, 0.06320937001202706, 0.0, -0.06828919038848291, 0.0, 0.05605472032989, 0.0, -0.026915018887536092, 0.0, -0.014197408760083411, 0.0, 0.05792487484112329, 0.0, -0.09170650665894212, 0.0, 0.1022352066537065, 0.0, -0.07907981443963322, 0.0, 0.019182937434101044, 0.0, 0.06828591344145574, 0.0, -0.15743972769315745, 0.0, 0.2023939508421685, 0.0, -0.1360692444940873, 0.0, -0.12814664793338365, 0.0, 0.6913369739249484, 0.0, 0.46949909793147726]","True","False","0.0010233523192697547","0.0007997756797640126","0.0006499922913252298","-3.206590548643362e-10"
"4096","101","1","0.0004874248236428","321.6752188205719","[0.01940984519945634, -0.056345493307759134, 0.08784732484426978, -0.11088366025983386, 0.12336652917614946, -0.12435264479750088, 0.11412422188627984, -0.09412948280454052, 0.06691755887476927, -0.03582158038845498, 0.004583707277183179, 0.023147808404533378, -0.04419674144133877, 0.056286801895164315, -0.058342884266537956, 0.05067303355042568, -0.034968487771575185, 0.01400846506322353, 0.008641428753171325, -0.029142538416221865, 0.043942264606996045, -0.05046605690203133, 0.047409222144293814, -0.03523882382276936, 0.015895227251533507, 0.007029538072871208, -0.029260143255046396, 0.04623289757311891, -0.05419941354153829, 0.050829103208522616, -0.03594716418918873, 0.011902232273788638, 0.016859070285370925, -0.0441427529181918, 0.06319539684897073, -0.06829836376676472, 0.05607950970025851, -0.02696615739784383, -0.014118541275276366, 0.05787881584219324, -0.09170043507974322, 0.1022683386821378, -0.07917869461080788, 0.019296530293027796, 0.06821183043024308, -0.15740349270879656, 0.2024597845818627, -0.13625773104530717, -0.12799147825458865, 0.6914883106036089, 0.46936784973144047]","[0.0, 0.01941395013409306, 0.0, -0.05635561613577794, 0.0, 0.08784011229840541, 0.0, -0.11087781470411938, 0.0, 0.12337504476754127, 0.0, -0.12436260144865457, 0.0, 0.11411228974464749, 0.0, -0.09411467166505663, 0.0, 0.06691581567660738, 0.0, -0.035834963745094824, 0.0, 0.004589262681866653, 0.0, 0.02314621418451393, 0.0, -0.04419508699039566, 0.0, 0.05628500039061156, 0.0, -0.05834959601014536, 0.0, 0.05069081535923127, 0.0, -0.0349678714906562, 0.0, 0.013993122934459505, 0.0, 0.008653106206429066, 0.0, -0.029135982257934498, 0.0, 0.04394341928652824, 0.0, -0.05045555442848594, 0.0, 0.047417337214036764, 0.0, -0.035218005215401436, 0.0, 0.015913374347751773, 0.0, 0.007028802199297513, 0.0, -0.02925112775838686, 0.0, 0.04624448952015704, 0.0, -0.054200931439652614, 0.0, 0.05082706513647664, 0.0, -0.03596503133587077, 0.0, 0.011883638306308073, 0.0, 0.016871670057146765, 0.0, -0.04412800785645959, 0.0, 0.06319609908614479, 0.0, -0.06829907195940688, 0.0, 0.056089359886286876, 0.0, -0.026967148159714675, 0.0, -0.014141624835474754, 0.0, 0.057882286678126435, 0.0, -0.09169420286688278, 0.0, 0.10226693330627651, 0.0, -0.07915695765970085, 0.0, 0.019287419938339677, 0.0, 0.06819143975122818, 0.0, -0.1574027637207061, 0.0, 0.20245573327725624, 0.0, -0.13623106754408806, 0.0, -0.12798027360415776, 0.0, 0.6914373925902363, 0.0, 0.4693345672889847]","True","False","0.0001798606981912032","3.1579057422348455e-05","0.00017406701464284247","-3.711249085824875e-10"
"8192","101","1","9.4072174437749e-05","321.6174690723419","[0.01940956247116931, -0.05635872585908261, 0.08783601469538471, -0.1108789112128051, 0.12337492195418202, -0.1243621262684504, 0.11411388056805763, -0.09411783193234322, 0.06691476411109074, -0.035834284589273575, 0.004584425492713919, 0.023141551467552236, -0.044192834764617946, 0.05628742971710526, -0.058349125969582555, 0.05069279443846058, -0.03497008664606155, 0.01399496942731944, 0.008651734682996924, -0.0291411955259886, 0.043943713391594134, -0.050453112910174625, 0.04742075107631594, -0.03521786425903736, 0.015911195175359275, 0.00702879115427798, -0.02925196801107804, 0.04624418508138155, -0.05420283142986895, 0.05083008549197781, -0.0359629188212142, 0.011882161875037182, 0.01687193684230754, -0.044128814579577715, 0.06319511050016406, -0.06829762653180149, 0.05608987826818262, -0.026965633632863025, -0.014142380621635102, 0.057879846089034494, -0.09169409750960195, 0.10227128488226611, -0.07915504236243372, 0.019288877659595992, 0.06818702189666344, -0.15740414838485037, 0.20246185515984724, -0.13623471830752054, -0.12798090108291743, 0.6914503975448338, 0.4693375940092366]","[0.0, 0.019412868448756292, 0.0, -0.05635519607536825, 0.0, 0.08784139570127282, 0.0, -0.11087812403602643, 0.0, 0.1233752733668334, 0.0, -0.12436230374541639, 0.0, 0.11411239529031678, 0.0, -0.09411585479298906, 0.0, 0.0669146793544691, 0.0, -0.035833619791431966, 0.0, 0.004590112806578443, 0.0, 0.023146615283568227, 0.0, -0.044196207179686, 0.0, 0.05628532565373273, 0.0, -0.05834978412364738, 0.0, 0.05068974823797136, 0.0, -0.034968240242940235, 0.0, 0.013994294927390148, 0.0, 0.008654357672817393, 0.0, -0.029136645940982454, 0.0, 0.043942271586347004, 0.0, -0.05045539999431288, 0.0, 0.04741716137419968, 0.0, -0.03521795316907793, 0.0, 0.0159128098047408, 0.0, 0.00703064822285348, 0.0, -0.02925062804574697, 0.0, 0.046243699824155285, 0.0, -0.054202181362833814, 0.0, 0.05082711971992818, 0.0, -0.03596410698916945, 0.0, 0.011883495695743538, 0.0, 0.016871654183493748, 0.0, -0.04412680549751175, 0.0, 0.06319598995611958, 0.0, -0.06829960968311491, 0.0, 0.056087572132361325, 0.0, -0.026965973958029674, 0.0, -0.014140894066753774, 0.0, 0.05788240974263543, 0.0, -0.09169434137087917, 0.0, 0.10226725432586409, 0.0, -0.07915718370293968, 0.0, 0.019286646985795554, 0.0, 0.06818993990307945, 0.0, -0.15740120189685114, 0.0, 0.20245701835035818, 0.0, -0.13623216057235354, 0.0, -0.1279798536603079, 0.0, 0.6914394435615608, 0.0, 0.4693319723916439]","True","False","4.039033492975186e-05","1.840347756676408e-05","4.02661683946981e-05","-2.725238812395503e-09"
"16384","101","1","1.8797993353564467e-05","351.48977303504944","[0.019414472941399693, -0.0563554009457739, 0.08784013268211903, -0.11087918773457679, 0.12337518682586877, -0.12436249808067731, 0.11411297224612965, -0.09411478564976243, 0.0669153546167791, -0.03583434473833985, 0.004589840316485481, 0.023145479039083823, -0.044196502038059256, 0.056286612809410254, -0.05834977678352872, 0.05069055507920269, -0.034968231094045794, 0.013993356624387549, 0.008654456058247866, -0.029136484032830517, 0.04394182126957975, -0.05045461768661766, 0.04741723878436524, -0.035218653279131366, 0.015913473893340923, 0.007030673355238847, -0.02925106120542157, 0.046243756109515644, -0.05420208823743035, 0.05082709029057016, -0.03596434386771274, 0.011883510690483264, 0.016870996855335708, -0.0441266022500069, 0.06319614271380623, -0.06829871291634441, 0.056088170445287314, -0.0269662600329099, -0.01414114488661458, 0.05787961204432843, -0.09169502387685027, 0.10226835746840199, -0.07915864103649661, 0.019287967189169454, 0.06818919820203005, -0.15740187714887885, 0.20245767252177121, -0.13623523364054343, -0.12797818366085437, 0.6914441738259398, 0.46933137035787764]","[0.0, 0.01941340242126548, 0.0, -0.05635526590392583, 0.0, 0.08784127365312158, 0.0, -0.11087905220666852, 0.0, 0.12337488223017093, 0.0, -0.12436211644830997, 0.0, 0.11411303941981235, 0.0, -0.09411535712315207, 0.0, 0.06691507944741382, 0.0, -0.03583420969576184, 0.0, 0.004589602532403606, 0.0, 0.023145836546476506, 0.0, -0.04419648587711732, 0.0, 0.056286031830236935, 0.0, -0.05834929495950155, 0.0, 0.05069008154082258, 0.0, -0.034968667048443015, 0.0, 0.01399364552394211, 0.0, 0.008653787660976384, 0.0, -0.029136729447423782, 0.0, 0.04394237712512526, 0.0, -0.050454499395597, 0.0, 0.04741740364249249, 0.0, -0.03521830369645077, 0.0, 0.01591230821844264, 0.0, 0.007029589905274807, 0.0, -0.02925055047926383, 0.0, 0.04624385677749791, 0.0, -0.05420180738368818, 0.0, 0.05082786659770795, 0.0, -0.035964397863998784, 0.0, 0.011883110665429256, 0.0, 0.016870703495173375, 0.0, -0.044126713417372336, 0.0, 0.06319618346548049, 0.0, -0.0682990623074671, 0.0, 0.05608796935913402, 0.0, -0.02696619773768797, 0.0, -0.014141029681173072, 0.0, 0.05788120176262, 0.0, -0.09169465533303156, 0.0, 0.10226749601615134, 0.0, -0.07915713876810732, 0.0, 0.019288050879885447, 0.0, 0.06818892510596511, 0.0, -0.15740108085172033, 0.0, 0.20245689920404702, 0.0, -0.13623476046992264, 0.0, -0.12797774436391346, 0.0, 0.6914411688260962, 0.0, 0.4693299386990386]","True","False","1.3821562587335023e-05","1.1533326382068276e-05","9.564239837667188e-06","-6.475783242976263e-10"
"32768","101","1","6.210349868335894e-06","380.2763240337372","[0.01941319248322955, -0.05635516477220757, 0.08784124424338707, -0.1108786983740041, 0.12337473155201388, -0.12436243667025815, 0.11411319954197201, -0.09411539311736059, 0.06691494688352732, -0.03583407686498353, 0.004589490454160788, 0.023145941945321383, -0.044195907062516596, 0.05628602751029565, -0.058348904854110525, 0.050690397380694405, -0.03496880269528421, 0.013993914715772472, 0.00865330630118391, -0.02913638653034757, 0.04394241042583225, -0.05045458593460321, 0.04741809016171186, -0.035218225617434616, 0.015912393804429246, 0.007029736279901945, -0.029250515838766953, 0.046243699475014964, -0.05420144648424095, 0.05082764290559624, -0.03596496737144361, 0.011883404998253301, 0.016869977000736777, -0.04412636971555581, 0.0631958880973228, -0.06829912487769409, 0.056088226688401306, -0.026966990413490443, -0.01413995547647227, 0.0578805926878303, -0.09169455047203713, 0.1022679879612565, -0.07915867410535066, 0.01928975854345054, 0.06818801066133429, -0.1574011266494955, 0.20245818847485547, -0.13623653039320807, -0.1279758130670247, 0.6914436789739348, 0.4693284679977221]","[0.0, 0.019413463390040863, 0.0, -0.05635496285577622, 0.0, 0.08784110671480018, 0.0, -0.11087889586353197, 0.0, 0.12337474263408878, 0.0, -0.12436222295208207, 0.0, 0.1141131820361665, 0.0, -0.09411524769413693, 0.0, 0.0669151237498738, 0.0, -0.0358339921876181, 0.0, 0.0045897706230716775, 0.0, 0.023145864985504493, 0.0, -0.04419622091261122, 0.0, 0.05628578025326781, 0.0, -0.058349205370004376, 0.0, 0.05069023744197082, 0.0, -0.034968766358887245, 0.0, 0.013994192999088672, 0.0, 0.008653588111232643, 0.0, -0.029136325200646542, 0.0, 0.04394244170451981, 0.0, -0.0504546437309516, 0.0, 0.04741760472290846, 0.0, -0.03521844653851017, 0.0, 0.015912477381074833, 0.0, 0.007029590763286675, 0.0, -0.029250262580925557, 0.0, 0.046243857819227976, 0.0, -0.05420147715890987, 0.0, 0.05082794810469965, 0.0, -0.03596467654181805, 0.0, 0.01188366491763507, 0.0, 0.016870080579238424, 0.0, -0.04412624137668296, 0.0, 0.0631960499165415, 0.0, -0.0682990410977268, 0.0, 0.05608862569878746, 0.0, -0.02696680120048011, 0.0, -0.01414020411207459, 0.0, 0.05788069610077267, 0.0, -0.0916946165971602, 0.0, 0.1022679921117653, 0.0, -0.07915818671134753, 0.0, 0.01928934553186044, 0.0, 0.06818796464695404, 0.0, -0.15740077613297793, 0.0, 0.2024577389628698, 0.0, -0.13623664751835884, 0.0, -0.12797605167334392, 0.0, 0.6914422930182059, 0.0, 0.4693281618980153]","True","False","3.0431615178905247e-06","2.3507085958884844e-06","2.735229339467793e-06","-1.1247225373267611e-10"
"65536","101","1","1.6972964463494494e-06","468.1740951538086","[0.01941333010503185, -0.05635509694015956, 0.087841075741658, -0.11087887362849552, 0.12337483332781723, -0.12436228986989378, 0.11411318457172016, -0.09411540375237828, 0.06691504461047312, -0.03583405760846879, 0.004589601436397015, 0.023145938486207957, -0.04419619182223294, 0.056285905506178534, -0.05834910393868024, 0.05069026528462127, -0.034968726181341434, 0.013994089558888858, 0.008653530500705827, -0.02913648411060049, 0.04394248302053217, -0.050454631441512486, 0.04741767258897054, -0.03521837843665597, 0.015912364568775286, 0.0070297021459562485, -0.02925044948855976, 0.0462437837736397, -0.054201519759005425, 0.05082781523366638, -0.03596463810554365, 0.011883518757533079, 0.016870116032200327, -0.04412640878432237, 0.06319600139170245, -0.06829906954562594, 0.05608844648460584, -0.026966681282363576, -0.014140273895006794, 0.05788074695307769, -0.09169453800753123, 0.10226811460026711, -0.07915794934038835, 0.01928933009191529, 0.0681880159120313, -0.1574007486766562, 0.20245780484140125, -0.1362363807860391, -0.12797606454302632, 0.6914428634711088, 0.46932824937939216]","[0.0, 0.01941337420522471, 0.0, -0.05635501797977502, 0.0, 0.08784111911263766, 0.0, -0.11087901379750542, 0.0, 0.12337498337081582, 0.0, -0.12436238541855799, 0.0, 0.11411309860185734, 0.0, -0.09411534589197916, 0.0, 0.06691510633905207, 0.0, -0.03583409881055624, 0.0, 0.004589747064934976, 0.0, 0.02314603661023346, 0.0, -0.04419629392775855, 0.0, 0.05628592756465796, 0.0, -0.05834903314997171, 0.0, 0.05069011884102877, 0.0, -0.034968728769335336, 0.0, 0.013994136985856205, 0.0, 0.008653567358497264, 0.0, -0.0291364904233274, 0.0, 0.04394255808656998, 0.0, -0.05045465254031296, 0.0, 0.04741755203596873, 0.0, -0.03521822605709571, 0.0, 0.015912338642318336, 0.0, 0.007029696325471967, 0.0, -0.02925033853369651, 0.0, 0.04624370644482694, 0.0, -0.05420168058456155, 0.0, 0.05082783619626509, 0.0, -0.03596451001184865, 0.0, 0.011883425297208542, 0.0, 0.0168702765017084, 0.0, -0.044126326369037794, 0.0, 0.06319583425857422, 0.0, -0.0682989612159204, 0.0, 0.05608843716614757, 0.0, -0.02696681974963249, 0.0, -0.01414023618733926, 0.0, 0.05788086950335535, 0.0, -0.09169460902191592, 0.0, 0.10226811277397319, 0.0, -0.07915781266087925, 0.0, 0.019289184577642962, 0.0, 0.06818805729053315, 0.0, -0.15740053909953106, 0.0, 0.20245761938281442, 0.0, -0.13623640107902651, 0.0, -0.12797592861819823, 0.0, 0.6914426875560737, 0.0, 0.46932787004761234]","True","False","1.1516637949682274e-06","2.775608171523558e-06","6.165885018116768e-07","-6.782363559665328e-11"
"131072","101","1","5.34364414962356e-07","424.21699571609497","[0.01941335992205644, -0.05635505954030635, 0.08784107797488996, -0.1108789228749104, 0.12337479402155588, -0.12436228742902151, 0.11411315746870161, -0.09411538333061648, 0.06691503265943871, -0.03583405762684519, 0.004589672237688062, 0.023145952286061953, -0.04419615424991369, 0.05628590970845602, -0.05834911412385773, 0.050690254991870444, -0.034968767867013466, 0.01399407368203426, 0.008653539249907024, -0.029136427153821295, 0.043942457892792317, -0.05045460736610217, 0.047417692808276686, -0.035218322891979806, 0.0159124528204743, 0.007029661209611199, -0.029250405565220926, 0.04624373968704779, -0.0542015859826243, 0.050827820666628734, -0.03596466075429859, 0.011883586398255576, 0.01687012017649544, -0.0441263199594685, 0.06319597383190373, -0.06829909534477754, 0.056088462659521325, -0.02696681691164375, -0.014140227881468199, 0.05788076023032698, -0.09169450145008758, 0.10226808050034404, -0.07915807700814652, 0.019289444770697373, 0.06818791107407549, -0.15740066471762973, 0.2024578658786413, -0.13623654784957215, -0.1279758172144352, 0.6914428922964617, 0.4693279956600988]","[0.0, 0.019413606434706455, 0.0, -0.05635527563148279, 0.0, 0.08784083486353432, 0.0, -0.1108789382827883, 0.0, 0.12337516251259438, 0.0, -0.12436233313873125, 0.0, 0.11411288825454637, 0.0, -0.09411551302234956, 0.0, 0.06691535734968482, 0.0, -0.03583390253096225, 0.0, 0.004589401028392684, 0.0, 0.023145693261940426, 0.0, -0.04419601702171723, 0.0, 0.05628614513326538, 0.0, -0.058349195709995715, 0.0, 0.05068996427459357, 0.0, -0.03496870689299511, 0.0, 0.013994305095158557, 0.0, 0.008653606642501172, 0.0, -0.029136686298461452, 0.0, 0.04394235725701394, 0.0, -0.050454384938935885, 0.0, 0.04741774866806921, 0.0, -0.03521851694896525, 0.0, 0.015912210906543107, 0.0, 0.007029870704781932, 0.0, -0.029250199660813478, 0.0, 0.04624361079583502, 0.0, -0.05420176804184226, 0.0, 0.050827857839843754, 0.0, -0.035964317491254075, 0.0, 0.011883541577482067, 0.0, 0.016869842071773226, 0.0, -0.04412637877449717, 0.0, 0.06319620260039066, 0.0, -0.06829894101488629, 0.0, 0.056088207055611385, 0.0, -0.026966878102443324, 0.0, -0.014140039219449417, 0.0, 0.057880948924876746, 0.0, -0.09169454488093827, 0.0, 0.10226783152974389, 0.0, -0.07915800160782895, 0.0, 0.019289785857927608, 0.0, 0.06818800348935382, 0.0, -0.15740099216928133, 0.0, 0.202457665531161, 0.0, -0.13623621840283878, 0.0, -0.12797566156600082, 0.0, 0.6914426480663943, 0.0, 0.46932765797473625]","True","False","1.3769974060995338e-07","7.415153666090468e-06","1.242648663968282e-07","-1.578546404701342e-09"
"262144","101","1","6.985583037666571e-08","531.0221378803253","[0.019413363159542753, -0.056355068770031214, 0.08784108192109567, -0.11087892180577466, 0.12337480363653447, -0.12436227653442299, 0.1141131630588039, -0.09411538955650953, 0.06691502548537022, -0.035834054219941666, 0.004589662165612224, 0.023145952268181554, -0.04419615334078148, 0.056285911879657764, -0.05834910202601624, 0.05069026349017056, -0.03496875523918731, 0.013994069087218994, 0.008653524656705375, -0.029136433448445857, 0.04394246891475924, -0.05045458893543198, 0.04741770670644567, -0.035218318701403614, 0.015912442738786975, 0.007029669868433916, -0.02925040050430571, 0.04624373983966589, -0.054201574146312964, 0.050827815132027256, -0.03596467188401245, 0.011883575217361376, 0.016870113009191518, -0.04412633026347026, 0.06319596239650774, -0.0682991045488517, 0.05608846077627901, -0.026966798056096482, -0.014140224162536392, 0.0578807625614709, -0.09169448967602493, 0.10226808925129183, -0.0791580709504197, 0.019289434923386847, 0.06818791439706148, -0.15740067029367968, 0.20245786561047355, -0.1362365174803632, -0.12797582069863656, 0.6914428754750428, 0.46932799896265043]","[0.0, 0.01941342668875486, 0.0, -0.056355132759966106, 0.0, 0.08784093414036513, 0.0, -0.1108791963665676, 0.0, 0.12337501580170576, 0.0, -0.12436214596967529, 0.0, 0.1141129794639511, 0.0, -0.09411576755780154, 0.0, 0.06691516371624531, 0.0, -0.03583376973142511, 0.0, 0.004589549600175042, 0.0, 0.023145597150925068, 0.0, -0.04419624039416935, 0.0, 0.056286062986660404, 0.0, -0.0583490776672158, 0.0, 0.05069007386512127, 0.0, -0.034968842850160484, 0.0, 0.013994022743891773, 0.0, 0.008653619650943505, 0.0, -0.029136414419187434, 0.0, 0.04394238140172735, 0.0, -0.05045472977537084, 0.0, 0.04741755257560873, 0.0, -0.03521827617606556, 0.0, 0.01591241398507865, 0.0, 0.0070296618407284855, 0.0, -0.029250537020050503, 0.0, 0.0462436473946411, 0.0, -0.054201467285782325, 0.0, 0.050827866079620476, 0.0, -0.03596467903958575, 0.0, 0.011883325323889915, 0.0, 0.016870093574337594, 0.0, -0.04412616724476599, 0.0, 0.0631959309789811, 0.0, -0.06829927339774218, 0.0, 0.0560883323584174, 0.0, -0.026966610752273287, 0.0, -0.01414019874059634, 0.0, 0.05788065504962207, 0.0, -0.09169449522250868, 0.0, 0.10226800368880008, 0.0, -0.0791580614065018, 0.0, 0.01928963995801489, 0.0, 0.06818800227031327, 0.0, -0.15740099439769992, 0.0, 0.20245755531987392, 0.0, -0.1362362553128889, 0.0, -0.1279756413894822, 0.0, 0.6914426470339394, 0.0, 0.4693276098459333]","True","False","7.373699874302364e-08","4.517139792992175e-06","3.645052237821744e-08","-1.300113350310994e-10"
"524288","101","1","3.5763999185434363e-08","1057.6460220813751","[0.019413361696452268, -0.05635506581163925, 0.08784108154552957, -0.11087892451994925, 0.12337480143935395, -0.12436227383170181, 0.11411316364456582, -0.09411539159547183, 0.06691502447007214, -0.035834052910099334, 0.004589665687791012, 0.023145949932633022, -0.044196156192446545, 0.05628591379041704, -0.05834910054649331, 0.050690261990491425, -0.0349687549564333, 0.01399406871269367, 0.008653525927681684, -0.02913642941745387, 0.04394246295863356, -0.05045458833527279, 0.047417707085549474, -0.035218320874328524, 0.01591244505817639, 0.007029666101815351, -0.029250399843927907, 0.046243739049840665, -0.05420157263020574, 0.0508278184021513, -0.03596467385592633, 0.011883575775207829, 0.01687010953272809, -0.04412632390766947, 0.06319596063140138, -0.06829910641976489, 0.05608846510798792, -0.026966803190172292, -0.014140221399957078, 0.057880759392150746, -0.09169448877900775, 0.10226809122445979, -0.07915807723768967, 0.019289441518946383, 0.06818790854252116, -0.15740066655097223, 0.20245786215280226, -0.13623653364091814, -0.1279758047319206, 0.6914428771727277, 0.46932798102522244]","[0.0, 0.01941337976602521, 0.0, -0.056355052066491274, 0.0, 0.0878410082921314, 0.0, -0.11087919038500964, 0.0, 0.12337499494355397, 0.0, -0.12436212367378068, 0.0, 0.11411297746371935, 0.0, -0.0941156990301879, 0.0, 0.06691525227365192, 0.0, -0.0358338047722533, 0.0, 0.004589448310818353, 0.0, 0.023145686173428055, 0.0, -0.04419606449468677, 0.0, 0.05628602844323419, 0.0, -0.058349212880233856, 0.0, 0.050690128451229055, 0.0, -0.034968692164852246, 0.0, 0.01399404735694648, 0.0, 0.00865355711768239, 0.0, -0.029136406719121606, 0.0, 0.04394241086396284, 0.0, -0.0504546807192566, 0.0, 0.04741764950740123, 0.0, -0.03521828593549814, 0.0, 0.015912297836354856, 0.0, 0.007029692407816021, 0.0, -0.0292503191506701, 0.0, 0.04624367333327058, 0.0, -0.054201650406787885, 0.0, 0.05082786367567872, 0.0, -0.03596447296756009, 0.0, 0.011883405775951681, 0.0, 0.016869957234054024, 0.0, -0.04412618649436206, 0.0, 0.06319603638146556, 0.0, -0.06829921645670922, 0.0, 0.05608835038201111, 0.0, -0.0269666184727081, 0.0, -0.014140206978537666, 0.0, 0.05788065377647519, 0.0, -0.09169438532799032, 0.0, 0.10226807885279779, 0.0, -0.07915815763073517, 0.0, 0.019289617706429958, 0.0, 0.0681881100658912, 0.0, -0.15740091571044995, 0.0, 0.20245753022374366, 0.0, -0.13623630362167796, 0.0, -0.12797557736776183, 0.0, 0.6914426778748356, 0.0, 0.4693276065432568]","True","False","0.0","3.9269475717862434e-06","7.878788288451233e-09","-3.3304736746231356e-10"
