"npts","degree","parity","convergence_diff","iteration_time","coefs_json","coefs_recovered_json","constraint_violated_coef","constraint_violated_rec","max_abs_coef","max_abs_rec","diff_coef_vs_gt524288","diff_rec_vs_gt524288","sup_diff_vs_gt524288","sup_diff_rec_vs_gt524288"
"101","101","1","inf","23.940345287323","[0.18949566834257128, -0.16856205771016405, 0.14785257011456765, -0.12751324803081224, 0.10768509363284318, -0.08850218578825732, 0.07008984518271381, -0.05256299488596784, 0.036024640589722094, -0.020564616260588812, 0.0062585127148453365, 0.006833077223702836, -0.018665096156891343, 0.02920822770885865, -0.03844888857160906, 0.046388908919977365, -0.05304503110068544, 0.058448134529502434, -0.06264231759103406, 0.06568374198945391, -0.06763936712441701, 0.06858547888107168, -0.06860614392634531, 0.06779150322030128, -0.06623605056080084, 0.06403682784252894, -0.06129170046818045, 0.05809765745630208, -0.05454930353556557, 0.05073747947226681, -0.04674815637297825, 0.04266150682071308, -0.03855125739057046, 0.03448418253487571, -0.03051980714284842, 0.026710153297917733, -0.02309959246804837, 0.019724653836176703, -0.016613885810655597, 0.013787673486254414, -0.011258169997512862, 0.00902930507710442, -0.007097080054696875, 0.0054501486934000545, -0.004070914007838932, 0.0029371539812903815, -0.0020244088305286633, 0.0013088391586146325, -0.0007649632774549611, 0.0001112988342663488, 0.002725984464949801]","[0.0, 0.18918637209692774, 0.0, -0.16771621230032444, 0.0, 0.14662613399643099, 0.0, -0.1260470987236546, 0.0, 0.10610435540762553, 0.0, -0.08691577125049271, 0.0, 0.06859024860852699, 0.0, -0.0512263471391662, 0.0, 0.03491102632606673, 0.0, -0.019718645743355655, 0.0, 0.005710132768548475, 0.0, 0.0070675556013567375, 0.0, -0.01858178200907256, 0.0, 0.028814279496024036, 0.0, -0.037761025623098105, 0.0, 0.045431844120076254, 0.0, -0.0518498648583087, 0.0, 0.057050749654298544, 0.0, -0.061081813019427264, 0.0, 0.06400094049386251, 0.0, -0.065875428332127, 0.0, 0.06678064430726459, 0.0, -0.06679863546958201, 0.0, 0.0660165908930313, 0.0, -0.06452529933345533, 0.0, 0.06241752758924589, 0.0, -0.0597864773103457, 0.0, 0.05672425950911024, 0.0, -0.05332054933472333, 0.0, 0.0496613533483487, 0.0, -0.04582803185220288, 0.0, 0.041896476847566394, 0.0, -0.03793654881225303, 0.0, 0.03401163185951543, 0.0, -0.03017837501998984, 0.0, 0.02648645639039423, 0.0, -0.02297843325690945, 0.0, 0.0196895312910984, 0.0, -0.01664747260205754, 0.0, 0.013872248367829524, 0.0, -0.011375996996347813, 0.0, 0.009162954082701713, 0.0, -0.0072296861980099825, 0.0, 0.005565610510085327, 0.0, -0.004154032767134117, 0.0, 0.0029737187850443743, 0.0, -0.0020012342349349085, 0.0, 0.0012137642496956084, 0.0, -0.000586822143486887, 0.0, -0.00016018465443349588, 0.0, 0.0031008821058571842]","True","False","0.0246881684711453","-2.499475212258684e-05","0.046345689390422405","0.04585357589336082","0.23044533777410403","0.23227501111432008"
"128","101","1","0.0353727554637074","23.99861311912537","[0.18911183087986905, -0.16743348251323156, 0.14505502722660416, -0.12409992792939714, 0.10337457613529007, -0.08335096271690033, 0.06410367238837493, -0.04601303912257792, 0.028960420254868446, -0.013125367281552166, -0.001432393780238234, 0.014575879131060213, -0.026362535086500407, 0.03672254547236466, -0.04565853662282083, 0.05315483063800135, -0.0592900422657095, 0.06407790750502693, -0.0675798268582024, 0.06985602534859939, -0.07101277489172897, 0.07112256284387966, -0.07028323895407287, 0.0685967301073348, -0.06618267849703768, 0.0631439638457304, -0.059585206237217365, 0.0556199853251269, -0.05135938452659933, 0.04690700036422822, -0.04234312638885799, 0.037768927804286936, -0.03326417721806865, 0.028907684728160393, -0.024729656491089904, 0.020808456856173496, -0.01717608406006044, 0.013873996960374852, -0.010868493721058161, 0.008230599757256428, -0.0059365752436842415, 0.003997864399985384, -0.002310084636965426, 0.0009996940117363879, 3.4262283940018265e-05, -0.0007805905154407843, 0.001480283150657815, -0.0016961060725176288, 0.0018238784920856903, -0.0018309926926997025, 0.008843993595942049]","[0.0, 0.18905080917688405, 0.0, -0.16726691691906312, 0.0, 0.14481393265324044, 0.0, -0.12381249899184814, 0.0, 0.10306600992861463, 0.0, -0.08304331102971974, 0.0, 0.06381571248071552, 0.0, -0.04576023087452963, 0.0, 0.02875493068562593, 0.0, -0.012976150687035028, 0.0, -0.001519461766110231, 0.0, 0.01459780568808228, 0.0, -0.026318965913168377, 0.0, 0.03661548267111997, 0.0, -0.04549202491701504, 0.0, 0.052934616712187854, 0.0, -0.05902322122741266, 0.0, 0.06377256696282782, 0.0, -0.0672446961326949, 0.0, 0.06950013708802869, 0.0, -0.07064514987557276, 0.0, 0.07075192502295305, 0.0, -0.06991776513950437, 0.0, 0.06824383815594516, 0.0, -0.06584885859585804, 0.0, 0.0628346544063264, 0.0, -0.05930471336008439, 0.0, 0.0553714442428561, 0.0, -0.051144761575150494, 0.0, 0.04672713220937104, 0.0, -0.042197790682067325, 0.0, 0.03765693983568126, 0.0, -0.03318350803930971, 0.0, 0.028855595604955785, 0.0, -0.02470284163165643, 0.0, 0.020803188782493848, 0.0, -0.01718835805933552, 0.0, 0.013899670702900565, 0.0, -0.010903414106982385, 0.0, 0.008270714997940645, 0.0, -0.005978032706368806, 0.0, 0.004037092792277305, 0.0, -0.002343852788209727, 0.0, 0.0010251515468362798, 0.0, 1.9556534552519057e-05, 0.0, -0.0007786534971241208, 0.0, 0.001492719385853142, 0.0, -0.0017241239650320152, 0.0, 0.0018683000190415238, 0.0, -0.0018922719246222083, 0.0, 0.00892257601360143]","True","False","0.00494280084735621","-9.74780361540084e-07","0.011000086420188685","0.010981339576594704","0.054490284952021885","0.05540162372656614"
"256","101","1","0.0114141017591483","23.335998058319092","[0.18880148924264334, -0.16649149153402212, 0.14444019674164343, -0.12282334454911521, 0.1018066057436219, -0.081544473969557, 0.062178739971948754, -0.04383670790774876, 0.026643191918875216, -0.010695710560268603, -0.003921231852439026, 0.017148379244425745, -0.028944672945156187, 0.039272909625511644, -0.048133351795476495, 0.05553198227755153, -0.0615075057724404, 0.06610905529800098, -0.06938442720250239, 0.07142102515294775, -0.07229477687677215, 0.07211833814637976, -0.07099555398305138, 0.06902037388448341, -0.06632393184988744, 0.06300215305242039, -0.059195652630849714, 0.05500835770276129, -0.050530335216832575, 0.04588826182776691, -0.041147418980182975, 0.03644036431630966, -0.031824363458371197, 0.027351421529423867, -0.023114247990022624, 0.019112482471119123, -0.015464885754766006, 0.012147524990779783, -0.0091645395258966, 0.006569474546347768, -0.00427083425342138, 0.002425960126057855, -0.0008868541640847099, -0.00036214529097330195, 0.0012766874682899694, -0.0021151991714688746, 0.002382871183639358, -0.002598091265094194, 0.002681351089712699, -0.002606289493665915, 0.010733538996179865]","[0.0, 0.18880137601024174, 0.0, -0.1664964773412686, 0.0, 0.14446035312549954, 0.0, -0.12286637166068466, 0.0, 0.1018780768588895, 0.0, -0.08164807210589763, 0.0, 0.06231648327599115, 0.0, -0.04400917897556856, 0.0, 0.02684974534243084, 0.0, -0.010934675192259392, 0.0, -0.0036523633462458693, 0.0, 0.016852773111770813, 0.0, -0.028625986094532922, 0.0, 0.03893513813725699, 0.0, -0.04778069045561026, 0.0, 0.05516869864143411, 0.0, -0.06113782781131562, 0.0, 0.06573707163377049, 0.0, -0.06901400306078442, 0.0, 0.07105573072262668, 0.0, -0.07193782995135256, 0.0, 0.07177255975812304, 0.0, -0.07066333651886617, 0.0, 0.06870366261242747, 0.0, -0.0660242173365751, 0.0, 0.06272047529556894, 0.0, -0.05893261541015066, 0.0, 0.05476415270174016, 0.0, -0.050304775551184316, 0.0, 0.04568082287229238, 0.0, -0.04095728668008526, 0.0, 0.03626648954089308, 0.0, -0.03166552201111354, 0.0, 0.027206278597030873, 0.0, -0.022981425272116763, 0.0, 0.018990627787338864, 0.0, -0.015352744007145983, 0.0, 0.012044010198341063, 0.0, -0.009068805899435324, 0.0, 0.006480985221342191, 0.0, -0.004189427170376552, 0.0, 0.0023519108614328647, 0.0, -0.0008209357399329357, 0.0, -0.0004186089188767179, 0.0, 0.0013217748370284207, 0.0, -0.002146353112879283, 0.0, 0.002396865039396747, 0.0, -0.002590998579263585, 0.0, 0.0026485275190508218, 0.0, -0.0025423668327865887, 0.0, 0.010632575405546539]","True","False","0.00722406298401701","-2.4511485777756192e-06","0.0014854825075914255","0.0003122633950602125","0.007224369005064735","0.000988531942834524"
"512","101","1","0.00183146578586","23.045966148376465","[0.18882392888323596, -0.16655894329112292, 0.14455483841973765, -0.12298230748239311, 0.10201251051060119, -0.08178806245374616, 0.0624616032405011, -0.044164160403705584, 0.0270022327899159, -0.011083914005211451, -0.003510052527678568, 0.016717680121038823, -0.02849580420338148, 0.03881887145045998, -0.047678920630953706, 0.05508188856195357, -0.06107248222621512, 0.06567823961104677, -0.06897167602795917, 0.07103123736850059, -0.07193298139479458, 0.07177674319678409, -0.07066950881536396, 0.06872274323651262, -0.06604936911987774, 0.0627623982952321, -0.05897262239088626, 0.05481176680504235, -0.05035318405361722, 0.045736682163115897, -0.04104537966565184, 0.03635521679622468, -0.03175303851020204, 0.027312197556898975, -0.02309256043110372, 0.019140602664269365, -0.015491340621475374, 0.012171602967243154, -0.009226774050995621, 0.006577775218414475, -0.004367912111937098, 0.002487499635281698, -0.0009245512984784646, -0.00031868645383319237, 0.0012588704113125643, -0.001923467976485919, 0.0023463793797579785, -0.0025626068102870474, 0.002602154968795403, -0.0024965645530059277, 0.010509000344582218]","[0.0, 0.18881940428260924, 0.0, -0.16654713454563502, 0.0, 0.1445384847674464, 0.0, -0.12296381865356619, 0.0, 0.10199396611938437, 0.0, -0.08177121492212963, 0.0, 0.06244788439211434, 0.0, -0.04415469192258589, 0.0, 0.026997840453305808, 0.0, -0.011085145453337424, 0.0, -0.0035029066725597966, 0.0, 0.01670456221662768, 0.0, -0.028476863194955706, 0.0, 0.03879443485198643, 0.0, -0.04764946515887908, 0.0, 0.05504801034942685, 0.0, -0.06103486714804058, 0.0, 0.06563763447074847, 0.0, -0.06892886104968557, 0.0, 0.07098700067877611, 0.0, -0.07188809592873617, 0.0, 0.07173194628273298, 0.0, -0.07062548479012531, 0.0, 0.06868010932461505, 0.0, -0.06600866463285723, 0.0, 0.06272407702729271, 0.0, -0.058937048162769304, 0.0, 0.054779211935927205, 0.0, -0.050323830562105466, 0.0, 0.04571062515749852, 0.0, -0.04102263290594222, 0.0, 0.03633571980035237, 0.0, -0.03173666472100959, 0.0, 0.0272987633567048, 0.0, -0.02308183467270946, 0.0, 0.01913231631824567, 0.0, -0.015485196202112448, 0.0, 0.01216728353170202, 0.0, -0.009223951655499942, 0.0, 0.006576118649824657, 0.0, -0.0043670935552051204, 0.0, 0.0024872013065177214, 0.0, -0.0009244708386348088, 0.0, -0.0003188314755157748, 0.0, 0.0012593383104596541, 0.0, -0.001924489038241075, 0.0, 0.002348152219645667, 0.0, -0.0025652949113161108, 0.0, 0.002605883240080763, 0.0, -0.0025014157801686067, 0.0, 0.010515038282457773]","True","False","0.0006825551647753336","-1.3266258713784396e-07","0.0009006586921032347","0.0009165345372686271","0.0044007481696577404","0.004615232549255846"
"1024","101","1","0.0009384064470936","23.468685150146484","[0.1888106575070162, -0.1665173465754052, 0.14449087868185168, -0.12289400196254155, 0.10189852040401161, -0.08165685380656583, 0.062311471491928054, -0.04399492339668897, 0.026825184008089042, -0.010900139304077454, -0.0036994703995589166, 0.016909696321431255, -0.02868486291807049, 0.03899922412786909, -0.04784714609081597, 0.055241780065690166, -0.06121260848734934, 0.0658045665029198, -0.06907982044605214, 0.07111439524821841, -0.07199503259171662, 0.0718178384687425, -0.07069028019485031, 0.06871934454719789, -0.06602300001650513, 0.06270966017747227, -0.058912120768280285, 0.054711986012426744, -0.0502511848735817, 0.04561956367261177, -0.040906844329919215, 0.03620444880798413, -0.03159708112451046, 0.027153328849737216, -0.02292974435369135, 0.018973223355663597, -0.015322273163374114, 0.012006259925194248, -0.009044335230191294, 0.00644467634560052, -0.004206597913842668, 0.002322645799601141, -0.0007784190320468056, -0.00044552477034988375, 0.001372362206043647, -0.002028471977251487, 0.0024444123471957296, -0.002649813544462364, 0.0026784516738859376, -0.0025604637720777904, 0.010680516991039493]","[0.0, 0.1888106377370981, 0.0, -0.16651731058784103, 0.0, 0.1444908295438332, 0.0, -0.12289394310594295, 0.0, 0.1018984554735129, 0.0, -0.08165678651298736, 0.0, 0.062311405473280956, 0.0, -0.04399486209128612, 0.0, 0.02682513054332882, 0.0, -0.01090009640349377, 0.0, -0.003699500489626966, 0.0, 0.016909711884350198, 0.0, -0.028684862798188816, 0.0, 0.03899920774096412, 0.0, -0.047847113414846945, 0.0, 0.05524173161360302, 0.0, -0.0612125452641663, 0.0, 0.06580448994953775, 0.0, -0.06907973237234225, 0.0, 0.0711142977585836, 0.0, -0.07199492800604164, 0.0, 0.07181772924157209, 0.0, -0.0706901688354992, 0.0, 0.06871923354401017, 0.0, -0.06602289176598093, 0.0, 0.06270955692167861, 0.0, -0.05891202454009326, 0.0, 0.0547118985942123, 0.0, -0.05025110776082295, 0.0, 0.04561949805444071, 0.0, -0.04090679107779433, 0.0, 0.03620440847455788, 0.0, -0.03159705395274262, 0.0, 0.027153314791365145, 0.0, -0.02292974309525116, 0.0, 0.01897323435097171, 0.0, -0.015322295671284413, 0.0, 0.012006293051468987, 0.0, -0.009044377972344721, 0.0, 0.0064447276396183435, 0.0, -0.004206656681602575, 0.0, 0.002322710996084537, 0.0, -0.0007784896917038249, 0.0, -0.0004454494887831802, 0.0, 0.0013722829766760133, 0.0, -0.002028389266402699, 0.0, 0.0024443263752431887, 0.0, -0.0026497242506637398, 0.0, 0.00267835868367233, 0.0, -0.0025603663675790858, 0.0, 0.010680413648942044]","True","False","1.6968685316864907e-06","-9.092975583602225e-08","4.113308986651623e-05","4.1042865996342186e-05","0.00019896792346638104","0.00019801311503376412"
"2048","101","1","0.0001712423617491","23.987489223480225","[0.18881121294038947, -0.16652740698666024, 0.144501018573095, -0.12291154048096761, 0.10191987947109885, -0.08168003317305474, 0.06233759992186225, -0.04402481050701261, 0.026856556704315884, -0.010931409975927908, -0.0036682172340519715, 0.016877698361720376, -0.028652511207653893, 0.03896804386204146, -0.04781835462014854, 0.05521519911490946, -0.061187933583290874, 0.0657828457398818, -0.06906180096598508, 0.07110029575902656, -0.07198545430327832, 0.07181391837103483, -0.07068997647123487, 0.06872381922368011, -0.06602968437588923, 0.06272358306681404, -0.058920925620035126, 0.05473449936501765, -0.05027295819456624, 0.045639541805372164, -0.04093065440524052, 0.036234446736308344, -0.03162978026943147, 0.027185842542687595, -0.02296181108830579, 0.01900635061477578, -0.01535723520292386, 0.012041965117115933, -0.009078644723271606, 0.006476510505556921, -0.00423594317843119, 0.0023495485660401227, -0.0008035267760128441, -0.0004212238739688717, 0.0013490210275907512, -0.00200750200664075, 0.002426029170623864, -0.002635106707466497, 0.0026676577034141554, -0.0025520655403661174, 0.010661549601179618]","[0.0, 0.18881031997847014, 0.0, -0.16652506290646252, 0.0, 0.14449790658626202, 0.0, -0.12290824329766083, 0.0, 0.10191688261310058, 0.0, -0.08167772902075746, 0.0, 0.062336292501711854, 0.0, -0.04402472101304697, 0.0, 0.026857829712834083, 0.0, -0.010934120281966206, 0.0, -0.0036640572495199395, 0.0, 0.016872130941030163, 0.0, -0.028645625128064088, 0.0, 0.03895996619162233, 0.0, -0.04780924246744126, 0.0, 0.05520523152163155, 0.0, -0.06117730370595828, 0.0, 0.06577175346042421, 0.0, -0.06905044606143267, 0.0, 0.0710888717450099, 0.0, -0.07197414304660213, 0.0, 0.07180288554438208, 0.0, -0.07067936789954014, 0.0, 0.0687137581480238, 0.0, -0.0660202696375689, 0.0, 0.06271488819127569, 0.0, -0.058912998757684056, 0.0, 0.054727364024835204, 0.0, -0.05026661468874452, 0.0, 0.045633969309656866, 0.0, -0.040925813529773175, 0.0, 0.036230282494733965, 0.0, -0.03162622533013559, 0.0, 0.027182820646352253, 0.0, -0.022959240520571557, 0.0, 0.019004147630301782, 0.0, -0.015355317306342348, 0.0, 0.012040254118069523, 0.0, -0.009077069497480671, 0.0, 0.006475009410165291, 0.0, -0.004234466085181818, 0.0, 0.0023480584905498044, 0.0, -0.0008020010968324523, 0.0, -0.00042279259759213844, 0.0, 0.0013506246183549778, 0.0, -0.00200911658131051, 0.0, 0.002427615360630842, 0.0, -0.0026366101388049356, 0.0, 0.002669009685484429, 0.0, -0.002553183909671141, 0.0, 0.010662349096624522]","True","False","0.0001860401228197528","-1.4380621693454998e-08","0.00013348765085766166","0.00013976443303241473","0.0006382235211182669","0.0006985382458757211"
"4096","101","1","0.0001201792592833","28.99654984474182","[0.18881116870800346, -0.1665215111206242, 0.14449458703711213, -0.12290127049794777, 0.1019060007182418, -0.08166426978210106, 0.06232031662415418, -0.04400513761756303, 0.026834790863815343, -0.010908921125988286, -0.003690458266802901, 0.016899820526042525, -0.028674631110659324, 0.03898956377075544, -0.04783835738813359, 0.05523323745959002, -0.06120402704599887, 0.06579707794311697, -0.06907396491061621, 0.07110989359867458, -0.07199191450852398, 0.07181696228366927, -0.07068972315348503, 0.06872054770612815, -0.06602354971250432, 0.06271461393588611, -0.0589091621673033, 0.054720094478902706, -0.050256209204376595, 0.04562078934542441, -0.040910162370017426, 0.036212501654036305, -0.03160689634304567, 0.027162500352759824, -0.022938078554697264, 0.01898214490292049, -0.015332999220609359, 0.012018421382412188, -0.009056078753932115, 0.006454833161890136, -0.004215451524921022, 0.0023305912517394413, -0.0007859304134560574, -0.00043776228084710644, 0.0013639830633543268, -0.0020205426522551116, 0.002437524273835451, -0.0026452633426209695, 0.0026752514060081178, -0.0025593289246944088, 0.010678624144959618]","[0.0, 0.18881100526562503, 0.0, -0.16652103750981398, 0.0, 0.14449395245015872, 0.0, -0.12290060038076986, 0.0, 0.10190539788875068, 0.0, -0.08166381568876398, 0.0, 0.06232007274359397, 0.0, -0.04400514698472882, 0.0, 0.02683507972296437, 0.0, -0.010909500685896967, 0.0, -0.003689589994395268, 0.0, 0.016898676829704723, 0.0, -0.0286732346523282, 0.0, 0.038987944658831916, 0.0, -0.04783655128214464, 0.0, 0.0552312837382663, 0.0, -0.061201967069838076, 0.0, 0.0657949534407029, 0.0, -0.0690718165153183, 0.0, 0.07110775955892394, 0.0, -0.0719898295906719, 0.0, 0.07181495688162433, 0.0, -0.07068782261409567, 0.0, 0.06871877187383302, 0.0, -0.06602191269130667, 0.0, 0.06271312406136782, 0.0, -0.058907822176265584, 0.0, 0.05471890185944562, 0.0, -0.050255156705044275, 0.0, 0.045619865618626035, 0.0, -0.04090935272232761, 0.0, 0.03621178887416522, 0.0, -0.03160626157726913, 0.0, 0.02716192399745464, 0.0, -0.022937541136412595, 0.0, 0.01898162791811006, 0.0, -0.015332485909575512, 0.0, 0.012017897414978962, 0.0, -0.009055532807880332, 0.0, 0.006454257379274632, 0.0, -0.0042148418357876955, 0.0, 0.0023299475591655088, 0.0, -0.0007852566382664722, 0.0, -0.0004384582928592721, 0.0, 0.0013646897646831452, 0.0, -0.0020212451366883114, 0.0, 0.00243820472507521, 0.0, -0.002645901571470941, 0.0, 0.0026758254570661984, 0.0, -0.002559815731814994, 0.0, 0.010679003502835356]","True","False","3.629442460795218e-05","-9.378259424597246e-08","1.3870759042919628e-05","1.3944691942965179e-05","5.964417246520637e-05","6.696533949943767e-05"
"8192","101","1","1.44786776125344e-05","25.325032949447632","[0.1888109639510379, -0.16652093140668747, 0.14449372059997215, -0.12290020170388194, 0.10190474347582594, -0.08166277151172258, 0.06231853135664739, -0.04400308188622259, 0.026832546704679702, -0.010906609667617157, -0.003692720322368249, 0.016901975265989376, -0.02867669932885376, 0.03899158369923076, -0.04784028518122874, 0.05523494471530721, -0.06120542177259692, 0.06579817707740916, -0.0690748160518864, 0.0711104851138118, -0.07199217888917202, 0.07181681656608474, -0.07068913482821564, 0.06871960343854673, -0.06602236956142896, 0.06271317373824807, -0.05890733350015559, 0.05471784599153421, -0.05025362296353306, 0.04561796511801031, -0.04090722289033283, 0.03620951777292911, -0.031603766333856885, 0.02715916921273093, -0.02293477540890066, 0.01897904597750724, -0.015329924559894775, 0.012015284379477438, -0.009053187331366721, 0.006452319104122421, -0.004213006038066304, 0.0023281237592506555, -0.0007837484776863357, -0.00043964522806855494, 0.0013658666378336785, -0.002022315239382057, 0.0024388686308637443, -0.002646445953580895, 0.0026764423306776756, -0.002559935843972669, 0.010680604584797608]","[0.0, 0.18881097639422795, 0.0, -0.1665209018286687, 0.0, 0.14449366852730997, 0.0, -0.12290014285882216, 0.0, 0.10190469020721969, 0.0, -0.08166273321218989, 0.0, 0.06231851486160467, 0.0, -0.044003091850863874, 0.0, 0.026832585955530362, 0.0, -0.010906679525914181, 0.0, -0.0036926197475375404, 0.0, 0.016901844816174145, 0.0, -0.028676540566999618, 0.0, 0.038991398712646425, 0.0, -0.047840076416026674, 0.0, 0.055234714840943486, 0.0, -0.06120517357453575, 0.0, 0.06579791337542598, 0.0, -0.06907453964111127, 0.0, 0.0711101987253002, 0.0, -0.07199188516657358, 0.0, 0.07181651805485689, 0.0, -0.07068883397382729, 0.0, 0.06871930259023804, 0.0, -0.06602207097828758, 0.0, 0.06271287959464719, 0.0, -0.05890704588797756, 0.0, 0.054717566917032015, 0.0, -0.05025335433715618, 0.0, 0.04561770873604615, 0.0, -0.040906980407725155, 0.0, 0.036209290667119975, 0.0, -0.031603555860023086, 0.0, 0.02715897635126568, 0.0, -0.022934600806328136, 0.0, 0.01897888988233378, 0.0, -0.015329786755235456, 0.0, 0.012015164114451436, 0.0, -0.009053083253251873, 0.0, 0.006452229193322205, 0.0, -0.0042129275479306436, 0.0, 0.0023280531625117186, 0.0, -0.0007836814210104046, 0.0, -0.0004397139600574213, 0.0, 0.0013659431481068, 0.0, -0.002022406533188432, 0.0, 0.0024389826192962255, 0.0, -0.002646591446178581, 0.0, 0.0026766290177978004, 0.0, -0.002560174269807107, 0.0, 0.01068090801134364]","True","False","5.52566055755932e-06","-8.786490818257775e-07","1.713693394117001e-06","1.409735942095827e-06","7.411622850228561e-06","6.402141970007769e-06"
"16384","101","1","4.59737418510313e-06","27.641780853271484","[0.18881102420288437, -0.16652112626266466, 0.14449406918976776, -0.12290070144279037, 0.10190537368985671, -0.08166350308237025, 0.0623193445469756, -0.04400398883688606, 0.026833563105927234, -0.010907699941816104, -0.003691623298261124, 0.01690089908937138, -0.028675622014266215, 0.03899048692575257, -0.047839193009474576, 0.05523390902085626, -0.06120446784960143, 0.06579728349301589, -0.06907397245397744, 0.07110972584967863, -0.07199152866238084, 0.0718162656134819, -0.07068868150128646, 0.06871925750661012, -0.06602213195962793, 0.06271304946391563, -0.05890731526564099, 0.0547179060122223, -0.05025377788195482, 0.045618255895871665, -0.040907604335243965, 0.03620992282359461, -0.031604234256816396, 0.027159732422970154, -0.022935358037309155, 0.018979619062671753, -0.015330542475229124, 0.01201591555330646, -0.009053765281556336, 0.006452889273628229, -0.00421359701003693, 0.0023286656965388493, -0.0007842452200152996, -0.0004391354763077348, 0.0013654043666406143, -0.002021949099387187, 0.0024385189319108434, -0.002646143903256463, 0.0026762219697720933, -0.0025596502210374025, 0.01068034382754873]","[0.0, 0.18881100449440644, 0.0, -0.16652109055276845, 0.0, 0.1444940207964065, 0.0, -0.12290064395894545, 0.0, 0.10190531083472582, 0.0, -0.08166343855815453, 0.0, 0.062319281905699186, 0.0, -0.044003931361095594, 0.0, 0.026833513706438834, 0.0, -0.010907661074918099, 0.0, -0.003691649692541731, 0.0, 0.01690091162713344, 0.0, -0.028675619885712548, 0.0, 0.038990469892012554, 0.0, -0.04783916137968497, 0.0, 0.05523386361150766, 0.0, -0.06120440992864441, 0.0, 0.06579721471160241, 0.0, -0.0690738947689711, 0.0, 0.07110964144020568, 0.0, -0.07199143984370224, 0.0, 0.07181617475136898, 0.0, -0.07068859092988586, 0.0, 0.06871916945248721, 0.0, -0.06602204847430623, 0.0, 0.06271297236680823, 0.0, -0.05890724609880814, 0.0, 0.054717846007897995, 0.0, -0.050253727943298646, 0.0, 0.045618216590940605, 0.0, -0.04090757590373356, 0.0, 0.03620990519549819, 0.0, -0.031604227081820556, 0.0, 0.027159735109132173, 0.0, -0.022935369797347553, 0.0, 0.018979638966074838, 0.0, -0.015330569504329566, 0.0, 0.01201594866146933, 0.0, -0.009053803451699833, 0.0, 0.006452931575432834, 0.0, -0.004213642654362183, 0.0, 0.002328714085774582, 0.0, -0.0007842959933427197, 0.0, -0.00043908240352978146, 0.0, 0.0013653487698992144, 0.0, -0.0020218904187205736, 0.0, 0.002438456252352244, 0.0, -0.0026460759418588274, 0.0, 0.0026761470688690123, 0.0, -0.0025595663472581963, 0.0, 0.01068024814569924]","True","False","1.302115982371177e-06","-2.4292971823047793e-07","3.1957286250759413e-06","3.3009682778578524e-06","1.590436568491005e-05","1.6738898083970555e-05"
"32768","101","1","2.4065423512953898e-06","32.63834095001221","[0.1888109891983755, -0.1665210243251575, 0.14449390432542944, -0.12290047012475917, 0.10190507008021077, -0.08166313647284974, 0.062318937748884466, -0.044003551226091994, 0.026833086482830674, -0.010907188476643691, -0.003692147718593605, 0.01690142469281247, -0.02867615060602138, 0.03899101123899306, -0.04783969385838928, 0.055234373512154794, -0.06120489892837264, 0.06579768467935687, -0.0690743279155642, 0.07111001708841327, -0.07199176117983595, 0.07181644677081823, -0.07068879951051261, 0.06871930966633931, -0.0660221265982786, 0.06271297839377502, -0.058907178687933194, 0.054717729185598064, -0.05025356495866045, 0.045617990461892605, -0.040907295760569985, 0.03620958651361267, -0.031603867107183506, 0.02715934385126504, -0.0229349630774584, 0.018979212569133028, -0.015330129773997747, 0.012015515063428584, -0.009053371723741009, 0.006452498862222399, -0.004213230411639292, 0.0023283277972125653, -0.0007839284095980638, -0.0004394212801321171, 0.00136566184926966, -0.0020221885215075293, 0.002438721367099483, -0.0026463241319441963, 0.002676388195796833, -0.0025597633267909576, 0.010680661393442705]","[0.0, 0.18881097487570053, 0.0, -0.1665209884527499, 0.0, 0.1444938528357881, 0.0, -0.12290040875067965, 0.0, 0.10190500420505313, 0.0, -0.08166307099605254, 0.0, 0.0623188769711014, 0.0, -0.04400349875751082, 0.0, 0.026833045177312977, 0.0, -0.010907160393336585, 0.0, -0.003692161325546995, 0.0, 0.01690142335685206, 0.0, -0.028676134604408657, 0.0, 0.038990981524987554, 0.0, -0.04783965197244838, 0.0, 0.05523432147592624, 0.0, -0.0612048391257825, 0.0, 0.06579761972947087, 0.0, -0.06907426054210351, 0.0, 0.07110994999083364, 0.0, -0.07199169691073626, 0.0, 0.07181638762414085, 0.0, -0.07068874742454095, 0.0, 0.06871926614491286, 0.0, -0.06602209265295195, 0.0, 0.06271295450887095, 0.0, -0.05890716480960701, 0.0, 0.05471772473517554, 0.0, -0.050253568869656276, 0.0, 0.04561800123929769, 0.0, -0.04090731156023386, 0.0, 0.03620960523887304, 0.0, -0.03160388651932283, 0.0, 0.027159361689929627, 0.0, -0.022934977186864734, 0.0, 0.01897922102572133, 0.0, -0.015330131011177018, 0.0, 0.012015507989188927, 0.0, -0.009053355827179959, 0.0, 0.00645247430543454, 0.0, -0.0042131981039348655, 0.0, 0.002328289449244252, 0.0, -0.0007838865656635818, 0.0, -0.00043946323260529355, 0.0, 0.0013656996932851525, 0.0, -0.0020222172465671267, 0.0, 0.00243873522649772, 0.0, -0.002646316719316721, 0.0, 0.0026763525383304556, 0.0, -0.0025596919919719592, 0.0, 0.010680546580335435]","True","False","3.217020720924779e-07","-5.5840963963937895e-08","7.894657897645585e-07","8.599060866193212e-07","3.92619226850105e-06","4.0463785859479184e-06"
"65536","101","1","6.324280479173144e-07","45.02544808387756","[0.18881098008447889, -0.1665209970674108, 0.1444938596011553, -0.12290040889829658, 0.10190499333238265, -0.081663044303504, 0.06231883238216899, -0.044003436638735904, 0.026832964113368753, -0.010907058327927648, -0.0036922832518897176, 0.016901561366315317, -0.028676287453567217, 0.038991146374092546, -0.047839823011295794, 0.05523449556062407, -0.06120501342681874, 0.06579778561830076, -0.06907441410672943, 0.07111009206503727, -0.07199182165514324, 0.07181648875009224, -0.07068882400949617, 0.06871931829915336, -0.0660221197075313, 0.06271295786266178, -0.05890714342930084, 0.054717679304905426, -0.05025350294973531, 0.04561791821751242, -0.04090721195560045, 0.036209494204185864, -0.03160376943656007, 0.027159238770979442, -0.02293485535636658, 0.0189791056733385, -0.015330021697470159, 0.012015406520285439, -0.009053266662939334, 0.006452394075388027, -0.0042131336505424775, 0.0023282361569352734, -0.0007838419580341972, -0.00043949658211109066, 0.0013657351313374072, -0.002022251705578121, 0.002438779710476048, -0.0026463728234804034, 0.002676430861261519, -0.00255980004264582, 0.010680749089272494]","[0.0, 0.18881097590278506, 0.0, -0.1665209585446685, 0.0, 0.14449379653144387, 0.0, -0.1229003303190925, 0.0, 0.10190490738366768, 0.0, -0.08166295811138333, 0.0, 0.06231875197052514, 0.0, -0.04400336687149098, 0.0, 0.026832908668902745, 0.0, -0.010907019706132202, 0.0, -0.0036923036905155615, 0.0, 0.016901563331165534, 0.0, -0.028676271626642057, 0.0, 0.03899111428842485, 0.0, -0.04783977690935287, 0.0, 0.055234438237558914, 0.0, -0.061204948063892435, 0.0, 0.06579771561206874, 0.0, -0.06907434289966544, 0.0, 0.07111002298316871, 0.0, -0.07199175775798634, 0.0, 0.07181643269772395, 0.0, -0.07068877795098935, 0.0, 0.0687192837858655, 0.0, -0.06602209763388642, 0.0, 0.06271294843614031, 0.0, -0.0589071461703778, 0.0, 0.054717693076684434, 0.0, -0.05025352601604985, 0.0, 0.045617948327338884, 0.0, -0.04090724645077175, 0.0, 0.03620953014664752, 0.0, -0.03160380375078743, 0.0, 0.0271592683966971, 0.0, -0.022934877406397464, 0.0, 0.018979117591260537, 0.0, -0.015330021409788168, 0.0, 0.01201539257802213, 0.0, -0.009053238367914582, 0.0, 0.006452351586967534, 0.0, -0.004213078069291111, 0.0, 0.002328169582368657, 0.0, -0.0007837675185187992, 0.0, -0.00043957472834936186, 0.0, 0.0013658118241904405, 0.0, -0.0020223208391677086, 0.0, 0.0024388343156346013, 0.0, -0.0026464051739765776, 0.0, 0.002676432600376588, 0.0, -0.002559762326046989, 0.0, 0.010680663497729923]","True","False","6.611558389657546e-08","-9.382560006709895e-08","1.5716304170920073e-07","3.8462430089375925e-07","7.813225239572397e-07","1.6654580926589446e-06"
"131072","101","1","1.357878757875997e-07","67.7948579788208","[0.1888109780802289, -0.16652099068749568, 0.144493849573779, -0.12290039599548544, 0.1019049767001022, -0.08166302387453123, 0.06231880908068828, -0.04400341085613613, 0.02683293647139761, -0.010907029168796564, -0.003692313532667244, 0.01690159255024069, -0.028676318279957747, 0.038991176098111396, -0.04783985186543172, 0.05523452304287094, -0.06120503862000122, 0.06579780911496454, -0.06907443472166133, 0.0711101092893597, -0.07199183657296017, 0.07181649989864837, -0.07068883195201552, 0.06871932287096275, -0.06602212048935376, 0.06271295492540893, -0.05890713813296924, 0.05471767008157148, -0.05025349172093717, 0.04561790422624962, -0.04090719581086799, 0.0362094765547296, -0.03160374935275065, 0.02715921792666087, -0.02293483403521093, 0.01897908391466894, -0.015329998898256975, 0.012015384941036395, -0.009053244275786273, 0.006452373702945013, -0.004213113411146176, 0.002328218027996024, -0.0007838246322616799, -0.00043951260908287835, 0.001365748843763404, -0.002022263928695783, 0.0024387904481742856, -0.002646382352117115, 0.002676439082683803, -0.00255980728974786, 0.010680766906240471]","[0.0, 0.18881099048087524, 0.0, -0.1665209673257482, 0.0, 0.14449380123135086, 0.0, -0.12290033219058832, 0.0, 0.10190490566692484, 0.0, -0.08166295256494492, 0.0, 0.062318743187194534, 0.0, -0.044003354854633046, 0.0, 0.026832893681957702, 0.0, -0.010907001832327769, 0.0, -0.0036923241642624434, 0.0, 0.016901586112977814, 0.0, -0.028676295188435036, 0.0, 0.038991137430649664, 0.0, -0.04783979924638293, 0.0, 0.0552344585246966, 0.0, -0.06120496456756995, 0.0, 0.06579772809431655, 0.0, -0.06907434939524246, 0.0, 0.07111002231944888, 0.0, -0.07199175053471507, 0.0, 0.07181641720387424, 0.0, -0.07068875478444689, 0.0, 0.06871925313352786, 0.0, -0.06602205976359157, 0.0, 0.06271290444292421, 0.0, -0.05890709875855431, 0.0, 0.05471764230739824, 0.0, -0.05025347567103048, 0.0, 0.045617899670297786, 0.0, -0.0409072021863107, 0.0, 0.03620949299598141, 0.0, -0.03160377472637491, 0.0, 0.0271592508712973, 0.0, -0.022934873005079154, 0.0, 0.018979127225515362, 0.0, -0.015330044774678418, 0.0, 0.012015431564199479, 0.0, -0.00905328983065572, 0.0, 0.006452416424240735, 0.0, -0.004213151627356962, 0.0, 0.0023282502028853214, 0.0, -0.0007838494034082639, 0.0, -0.000439496395068441, 0.0, 0.0013657420996123172, 0.0, -0.0020222672986286707, 0.0, 0.0024388042839328366, 0.0, -0.0026464066929279386, 0.0, 0.002676473639148223, 0.0, -0.0025598514316071104, 0.0, 0.010680821170586172]","True","False","2.5917928248020417e-08","-4.310960934894581e-07","2.2061256839631144e-08","3.526080572343093e-07","1.0610568215718708e-07","1.5269934928729967e-06"
"262144","101","1","2.1705415517417512e-08","112.61428499221802","[0.18881097765012395, -0.1665209899428238, 0.14449384818897684, -0.12290039400889823, 0.1019049740771308, -0.08166302096610599, 0.06231880587344205, -0.04400340732297213, 0.026832932560948354, -0.010907025156092109, -0.003692317659599022, 0.016901596734155817, -0.028676322265692666, 0.03899118026851692, -0.047839855806765016, 0.05523452652979855, -0.06120504181826288, 0.06579781170283408, -0.06907443683505274, 0.07111011097817196, -0.07199183768816114, 0.07181650068271546, -0.07068883201742873, 0.06871932256209447, -0.06602211956117568, 0.06271295349531422, -0.05890713612126249, 0.0547176679924508, -0.05025348872511562, 0.045617901089335645, -0.04090719224774322, 0.036209472646685795, -0.03160374530121207, 0.027159213671343555, -0.022934829885460147, 0.018979079482503804, -0.015329994639693726, 0.012015380836568135, -0.009053240208846913, 0.006452369918231584, -0.004213109801750421, 0.002328214692812215, -0.0007838214948580796, -0.00043951547101793377, 0.0013657514404705343, -0.0020222661395112086, 0.0024387924238839366, -0.00264638403989885, 0.0026764404633667005, -0.0025598086392413727, 0.010680770604686501]","[0.0, 0.18881101732290284, 0.0, -0.1665210667727048, 0.0, 0.14449395638390133, 0.0, -0.12290052686502922, 0.0, 0.1019051244332085, 0.0, -0.08166318163226143, 0.0, 0.06231897001957002, 0.0, -0.04400356881387668, 0.0, 0.026833086227989217, 0.0, -0.010907166997884007, 0.0, -0.00369219035186185, 0.0, 0.01690148532806933, 0.0, -0.028676226813945858, 0.0, 0.03899109960542213, 0.0, -0.04783978770760786, 0.0, 0.05523446792323042, 0.0, -0.0612049890400035, 0.0, 0.06579776077747795, 0.0, -0.06907438377182268, 0.0, 0.07111005206606855, 0.0, -0.07199176977612266, 0.0, 0.07181642143112169, 0.0, -0.07068874010851589, 0.0, 0.06871921785855797, 0.0, -0.066022003204348, 0.0, 0.06271282793674607, 0.0, -0.05890700508420969, 0.0, 0.05471753636258677, 0.0, -0.0502533623726404, 0.0, 0.04561778662744159, 0.0, -0.04090709673501611, 0.0, 0.03620940324338297, 0.0, -0.031603708891370555, 0.0, 0.027159216464267576, 0.0, -0.02293487701125222, 0.0, 0.018979174596898206, 0.0, -0.015330139553501213, 0.0, 0.012015575184536973, 0.0, -0.009053481171705506, 0.0, 0.006452652010130403, 0.0, -0.004213424733315036, 0.0, 0.00232855131762271, 0.0, -0.0007841658444592392, 0.0, -0.00043918006140525735, 0.0, 0.0013654441164254127, 0.0, -0.002022008226043095, 0.0, 0.0024386070451807764, 0.0, -0.002646295669965222, 0.0, 0.0026764744198467224, 0.0, -0.002559990534871078, 0.0, 0.010681126567676166]","True","False","2.681914468283253e-09","-4.4681525668277544e-07","6.370790134069697e-10","1.1831615601947725e-06","2.8335533919232603e-09","4.30131239362308e-06"
"524288","101","1","6.370790134069697e-10","232.43967008590695","[0.18881097764897084, -0.16652098986349131, 0.1444938482246777, -0.12290039400391832, 0.10190497404917546, -0.0816630209194583, 0.06231880587014984, -0.04400340729242555, 0.026832932587876224, -0.010907025131072673, -0.0036923176614573976, 0.016901596688019736, -0.02867632230169059, 0.03899118023803744, -0.047839855762218865, 0.05523452650215557, -0.06120504175022158, 0.06579781174052626, -0.06907443681363386, 0.07111011090232576, -0.07199183759897874, 0.07181650057899516, -0.07068883186692153, 0.06871932246277303, -0.06602211949368304, 0.06271295338789656, -0.05890713600444569, 0.054717667832890685, -0.05025348856843105, 0.045617900922483946, -0.040907192095072785, 0.03620947248150502, -0.03160374514364279, 0.0271592135260397, -0.022934829737618664, 0.0189790793648251, -0.015329994522422119, 0.012015380675039147, -0.00905324012580256, 0.006452369824942618, -0.004213109733552674, 0.0023282145721183166, -0.0007838214597973693, -0.0004395154933535653, 0.0013657515008736222, -0.002022266113642853, 0.0024387924404384617, -0.002646384039033526, 0.0026764404533342508, -0.0025598086014844566, 0.010680770614192163]","[0.0, 0.1888110156107825, 0.0, -0.16652106133675615, 0.0, 0.14449394828534032, 0.0, -0.1229005168043882, 0.0, 0.10190511324214199, 0.0, -0.0816631700591554, 0.0, 0.062318958777137286, 0.0, -0.0440035583698931, 0.0, 0.02683307707980044, 0.0, -0.010907159315164255, 0.0, -0.0036921963502801196, 0.0, 0.0169014896050172, 0.0, -0.028676229609074275, 0.0, 0.03899110098692048, 0.0, -0.0478397880330248, 0.0, 0.055234467594558426, 0.0, -0.06120498841186618, 0.0, 0.06579776042239739, 0.0, -0.06907438393904741, 0.0, 0.07111005313613239, 0.0, -0.07199177210370672, 0.0, 0.0718164252453087, 0.0, -0.07068874550689577, 0.0, 0.06871922495605351, 0.0, -0.06602201187853632, 0.0, 0.06271283789140161, 0.0, -0.058907016008541244, 0.0, 0.05471754777558634, 0.0, -0.05025337378211912, 0.0, 0.04561779741386105, 0.0, -0.04090710627359599, 0.0, 0.036209410845487136, 0.0, -0.031603713934949054, 0.0, 0.02715921836582232, 0.0, -0.02293487525655538, 0.0, 0.018979168841880934, 0.0, -0.015330129546200385, 0.0, 0.012015560841328349, 0.0, -0.009053462783968206, 0.0, 0.006452629884390939, 0.0, -0.004213399539647217, 0.0, 0.0023285238587236823, 0.0, -0.0007841373831305957, 0.0, -0.00043920823758472036, 0.0, 0.001365470477879784, 0.0, -0.002022030871177984, 0.0, 0.0024386241580637265, 0.0, -0.0026463051140264192, 0.0, 0.0026764740345679456, 0.0, -0.002559978084577322, 0.0, 0.0106810999298491]","True","False","1.806077509769466e-10","-4.48843723854786e-07","0.0","1.0930623826963408e-06","0.0","4.012582492496364e-06"
