"npts","degree","parity","convergence_diff","iteration_time","coefs_json","coefs_recovered_json","constraint_violated"
"101","101","1","inf","1.0449590682983398","[0.012449248925704127, -0.04460665462027168, 0.07860071707075646, -0.10457472830687464, 0.12581223011180773, -0.13054534492437553, 0.11707259907548287, -0.10103669989960001, 0.07618966431246209, -0.040276050072038924, 0.005275870567763178, 0.033237336170271255, -0.06526506940687506, 0.07106122262235737, -0.06290274991715751, 0.047341811554066845, -0.021376432255820917, 0.00287550124455723, 0.012952016334811599, -0.039141217454801695, 0.053946390834207686, -0.05446212811249434, 0.049427083489109264, -0.023720712554076383, -0.004560013953630781, 0.015344041018409605, -0.03392502873119423, 0.05332694303998371, -0.057088781065612604, 0.06285980379431787, -0.04307292385601583, -0.016173752577346594, 0.05934586442347972, -0.08336825310420952, 0.09306361742349016, -0.049977123072859, 0.0046687780819179, 0.010738357886981971, -0.061552171324660204, 0.10384949641411238, -0.09687059395994202, 0.10074093575412846, -0.01915437058058485, -0.15975281583752174, 0.19959487291436093, -0.15040854822176827, 0.06878914236718524, 0.32942403146041527, -0.5088323219538786, -0.6549504834656484, -0.1503305263872908]","[0.0, 0.01839187974959181, 0.0, -0.0580391707462633, 0.0, 0.09301038221051755, 0.0, -0.11126799022951553, 0.0, 0.12419112955526718, 0.0, -0.12932670092576184, 0.0, 0.11379504280132953, 0.0, -0.09473248994921754, 0.0, 0.06840021131565209, 0.0, -0.028545564491082146, 0.0, -0.0013686010505677489, 0.0, 0.026730904842169077, 0.0, -0.051723851466986256, 0.0, 0.06090610957790181, 0.0, -0.05912202925377396, 0.0, 0.051400792096832945, 0.0, -0.030990950728924157, 0.0, 0.002204617606811649, 0.0, 0.018762974116772867, 0.0, -0.03772797864499736, 0.0, 0.05373747045737298, 0.0, -0.05050178928959126, 0.0, 0.04241354460352435, 0.0, -0.030376162637052263, 0.0, 0.002208673302501535, 0.0, 0.021801145385623603, 0.0, -0.04107143624143969, 0.0, 0.057892536329265366, 0.0, -0.06084288364069064, 0.0, 0.041886636229332704, 0.0, -0.0173584193997352, 0.0, -0.00999941593502945, 0.0, 0.044442405971267515, 0.0, -0.06611630915411854, 0.0, 0.07186975181001909, 0.0, -0.06550423929197251, 0.0, 0.029104160375702466, 0.0, 0.02375546069041688, 0.0, -0.06345971176237114, 0.0, 0.10083516237972619, 0.0, -0.10925947312354115, 0.0, 0.06890976639879794, 0.0, 0.010752440228302273, 0.0, -0.10232204871069835, 0.0, 0.1865636043621593, 0.0, -0.17662917350538415, 0.0, 0.017910419641608777, 0.0, 0.28928968572710667, 0.0, -0.47183014833847103, 0.0, -0.6120251400865792, 0.0, -0.1430273862091579]","True"
"128","101","1","1.211615481184607","0.4976871013641357","[0.015261144594606823, -0.05376436955992623, 0.07995309173458673, -0.10837017786715471, 0.11862043083986064, -0.12053065781495688, 0.10742854437521471, -0.11198221324508227, 0.07349693485743099, -0.004450946293547084, 0.015760990021212985, -0.010618338555789756, -0.050683732674932265, 0.05581736547262849, -0.07929054335494087, 0.0642822064802507, -0.027144305018880564, 0.01738868081187926, 0.028448266765161587, -0.022380147243930008, 0.05198873192711197, -0.03593919067556923, 0.051103637817810466, -0.027949950495421767, 0.032625828936969005, 0.006210510984454227, -0.02276476087972481, 0.05568236176344685, -0.05791649929402555, 0.05552466982958469, -0.04069397622923288, 0.020070924048787776, 0.021371659941210187, -0.05378290404397781, 0.0715396822521415, -0.07374442816117249, 0.05940841762270199, -0.0288518771761303, -0.023369309260165158, 0.0627885608945072, -0.11371637829102219, 0.09768197193312665, -0.10172769587361588, -0.028777787337435277, 0.03160618329809185, -0.28918837628510263, 0.0479152369921259, -0.40313863682101075, -0.7368527019527229, 0.11717560983525847, 0.28677017419129275]","[0.0, 0.02128823616776302, 0.0, -0.05538441348954075, 0.0, 0.08779907996817751, 0.0, -0.10620829331760767, 0.0, 0.12235754113951479, 0.0, -0.1227230117865415, 0.0, 0.11412160588405786, 0.0, -0.0915056604396065, 0.0, 0.06643760046737607, 0.0, -0.03426805191792691, 0.0, 0.007044534329143635, 0.0, 0.022098588737329707, 0.0, -0.047763739438289765, 0.0, 0.05333588738300622, 0.0, -0.05766376869080175, 0.0, 0.05006308657162779, 0.0, -0.03627387100757487, 0.0, 0.013668587040919496, 0.0, 0.01117657679907247, 0.0, -0.028068873973134876, 0.0, 0.04423639358494107, 0.0, -0.050539004183680056, 0.0, 0.04931290264661738, 0.0, -0.03439775596046006, 0.0, 0.013176485657124808, 0.0, 0.006620717162307168, 0.0, -0.030279365010183953, 0.0, 0.04719584003989904, 0.0, -0.054311484243629866, 0.0, 0.05241586673931158, 0.0, -0.03598733381406606, 0.0, 0.008535086037663092, 0.0, 0.019099599761615987, 0.0, -0.04666260885044479, 0.0, 0.06607670085502798, 0.0, -0.06943984362411212, 0.0, 0.05476683083325283, 0.0, -0.023376366090286017, 0.0, -0.02248556288567801, 0.0, 0.060105118659609214, 0.0, -0.10250942168062853, 0.0, 0.09152621282769026, 0.0, -0.09312486616157302, 0.0, -0.028152056002889187, 0.0, 0.03182828933011095, 0.0, -0.2697564986487798, 0.0, 0.03861373261182097, 0.0, -0.37667972263041455, 0.0, -0.6960106893002793, 0.0, 0.11154644433743524, 0.0, 0.27267949134875]","True"
"256","101","1","0.1779044786138004","0.882580041885376","[0.019712761496387197, -0.05735883709941007, 0.09006138547802196, -0.10996998521950498, 0.12404357065190898, -0.12106157589504474, 0.1106967479217297, -0.08974178287095569, 0.07124953955085138, -0.0362140739733434, 0.006616778668441043, 0.024495479580862223, -0.042779654447882565, 0.06181302093951672, -0.05997399569591938, 0.05069308447614234, -0.03267218258918651, 0.00974148963416305, 0.00897560014498672, -0.031598698829477696, 0.04205156477657458, -0.05120053543853677, 0.04989887047742125, -0.03302322860423083, 0.015956634270702614, 0.01389328184766526, -0.035855711520668146, 0.03984007718011857, -0.05272556899504644, 0.05465552260380067, -0.03359368908456409, 0.005769790130563633, 0.01910814759823468, -0.04635078335908375, 0.06579354452746412, -0.06927394778985714, 0.05347167364633899, -0.022369573588617533, -0.02232623245168499, 0.06525826159578692, -0.10060951625714766, 0.09959628668704845, -0.07938799011173354, -0.014966721347590334, 0.06281620376520476, -0.24297476482669592, 0.08389028615255804, -0.33564067627711586, -0.754470801208534, 0.004064989264838008, 0.2328312748932513]","[0.0, 0.02045482353770552, 0.0, -0.0561204554480136, 0.0, 0.08756067413752858, 0.0, -0.11018675654631419, 0.0, 0.12179957257299501, 0.0, -0.1228622973825186, 0.0, 0.11410771259201544, 0.0, -0.09302152599847457, 0.0, 0.06650187388601707, 0.0, -0.034973711431620334, 0.0, 0.006270407944742927, 0.0, 0.02413390861738285, 0.0, -0.044108286296844657, 0.0, 0.058307340259759914, 0.0, -0.05898199593229582, 0.0, 0.050684058315287606, 0.0, -0.034307515464903106, 0.0, 0.011555459385298608, 0.0, 0.009540189925443721, 0.0, -0.031093538933208143, 0.0, 0.04396723033725156, 0.0, -0.05095359275825721, 0.0, 0.04776421763582858, 0.0, -0.03423225541154109, 0.0, 0.015058633506437689, 0.0, 0.010594277967713252, 0.0, -0.032447397973126686, 0.0, 0.04629613931232237, 0.0, -0.05420039662282727, 0.0, 0.05199903197360725, 0.0, -0.03348302797325974, 0.0, 0.007840285553022325, 0.0, 0.02080326231083765, 0.0, -0.04763913870174513, 0.0, 0.06629986153321143, 0.0, -0.06886407222677221, 0.0, 0.052741590259754, 0.0, -0.020953505642802545, 0.0, -0.022878503874029663, 0.0, 0.06587257645196035, 0.0, -0.09935123032130336, 0.0, 0.09853558218940606, 0.0, -0.07816340967986996, 0.0, -0.016078144221214556, 0.0, 0.06287128388893552, 0.0, -0.24220474888132565, 0.0, 0.08126816498994593, 0.0, -0.3315975794713898, 0.0, -0.7475154080437567, 0.0, 0.0024851674328059195, 0.0, 0.2329772561782158]","True"
"512","101","1","0.9888492571606096","1.0587410926818848","[0.019476978126309906, -0.05576860713362042, 0.08648053684516188, -0.1097068168177481, 0.12205521887007817, -0.12313875124082174, 0.11323836616377356, -0.09265954891133696, 0.06658251430793433, -0.03555258278931048, 0.005064068359040656, 0.02244049833908554, -0.04404085451090658, 0.05634536621356532, -0.05841562071001045, 0.04975110929937953, -0.03387140126375667, 0.01409374996721681, 0.007859860594279108, -0.028751335321153343, 0.044091739456436, -0.05003182989274663, 0.04640646468467422, -0.03551429362015736, 0.016887163460059078, 0.007993561866366763, -0.02948515410443498, 0.04460190277222307, -0.055669798181945486, 0.04925422693666847, -0.036199997914706905, 0.011236894115190134, 0.01702027728241685, -0.04374843793925202, 0.06263511499607566, -0.06754792783727832, 0.05545989206604583, -0.026656044738005494, -0.01401896240231449, 0.057212512967060945, -0.09080120597846779, 0.10143359591799725, -0.07849166904863888, 0.019185814052903327, 0.06750525200340911, -0.15618760719617286, 0.2009419653362643, -0.13542701601734738, -0.12691874708517487, 0.6869483421452508, 0.4664004705926483]","[0.0, 0.01929829510831235, 0.0, -0.055598908956189685, 0.0, 0.08655276062169584, 0.0, -0.10973870594965496, 0.0, 0.12221434323052678, 0.0, -0.12335656119597468, 0.0, 0.11307295094866382, 0.0, -0.09255486650305492, 0.0, 0.06637153585772101, 0.0, -0.035744269816151836, 0.0, 0.005280345560551062, 0.0, 0.022426242970538763, 0.0, -0.04414244169905107, 0.0, 0.056487275968028744, 0.0, -0.058288870567351644, 0.0, 0.04969282499525596, 0.0, -0.03395703320104046, 0.0, 0.014176627793511953, 0.0, 0.007927321760612848, 0.0, -0.028938971433316737, 0.0, 0.04400309352443384, 0.0, -0.04976659347649957, 0.0, 0.04655056039965175, 0.0, -0.035774729180641264, 0.0, 0.016642158846732286, 0.0, 0.008005603288273285, 0.0, -0.029175893259935373, 0.0, 0.045106822680460096, 0.0, -0.05533488517477721, 0.0, 0.04950281146815572, 0.0, -0.03610107321759591, 0.0, 0.011245923880676023, 0.0, 0.01710473019508335, 0.0, -0.043882816817214704, 0.0, 0.0626184780731057, 0.0, -0.06748602695837881, 0.0, 0.05535918936179515, 0.0, -0.026599687548858393, 0.0, -0.014007731272346956, 0.0, 0.057179493579737145, 0.0, -0.09072445265294274, 0.0, 0.10138589235065618, 0.0, -0.07854382777864992, 0.0, 0.019262551377827924, 0.0, 0.06744659123763964, 0.0, -0.15613848410690195, 0.0, 0.20100146576019623, 0.0, -0.13549909872671662, 0.0, -0.12693431178569758, 0.0, 0.6869731905350449, 0.0, 0.4662126817610008]","True"
"1024","101","1","0.0054330249135106","1.477632999420166","[0.01886965261245489, -0.05569436195982384, 0.08747604775487483, -0.10958234588308693, 0.12197241224182546, -0.12373725416369513, 0.11277661132059459, -0.09331519841329546, 0.0659273336031011, -0.035587829009064, 0.004457288572222404, 0.023092671937396888, -0.04390267846117052, 0.055627234392477666, -0.057661556079324106, 0.05024870151881284, -0.03463967232052484, 0.013770007239783244, 0.00877963847520325, -0.029063316011404522, 0.043617215778968974, -0.05002131006950745, 0.0469331030644576, -0.03475164993525459, 0.015457501183386776, 0.007277893162569507, -0.029143312836322818, 0.0456641731682625, -0.05340977871011011, 0.05014218322042028, -0.035537637412305256, 0.011709755052612455, 0.01696438085668798, -0.043942051554791944, 0.06272589055289107, -0.06748147605880149, 0.05538356682448353, -0.026325504126775198, -0.014298277187044047, 0.05751473426213202, -0.09090691359534996, 0.10109750849526593, -0.07804234415551285, 0.018459592034677702, 0.06829990057748823, -0.15618092534301872, 0.20013579033446524, -0.13394921019186082, -0.12800210871923431, 0.6845804922656217, 0.46621516932477197]","[0.0, 0.018813529337372667, 0.0, -0.05558485489691975, 0.0, 0.08742242745877574, 0.0, -0.10966741164074095, 0.0, 0.12213205744348211, 0.0, -0.12380970623635915, 0.0, 0.11270675295241905, 0.0, -0.09314802202452507, 0.0, 0.06585385976001337, 0.0, -0.03568727617773114, 0.0, 0.004629170714916236, 0.0, 0.023027675349289414, 0.0, -0.04399633229945729, 0.0, 0.05571657374014874, 0.0, -0.057636496846152775, 0.0, 0.0501545515816927, 0.0, -0.034688266489627174, 0.0, 0.013863022052412133, 0.0, 0.008815167273941434, 0.0, -0.029180076367101335, 0.0, 0.04356543364602325, 0.0, -0.049830951769232246, 0.0, 0.04700415573061642, 0.0, -0.03497039009706338, 0.0, 0.015347000595356122, 0.0, 0.007313368573285791, 0.0, -0.028900364438328243, 0.0, 0.04599649737238105, 0.0, -0.053290327969550425, 0.0, 0.0502787851307302, 0.0, -0.035495852957822385, 0.0, 0.011673775537195605, 0.0, 0.017034860063729014, 0.0, -0.04400540368730632, 0.0, 0.0627414299952625, 0.0, -0.06743724486756489, 0.0, 0.055310506501956735, 0.0, -0.026276813195418657, 0.0, -0.014315678926627953, 0.0, 0.05750212721333122, 0.0, -0.09086176217670563, 0.0, 0.10104784345832199, 0.0, -0.07801496154105164, 0.0, 0.01847432945760303, 0.0, 0.06826874070716524, 0.0, -0.1561641054097198, 0.0, 0.20014124368869526, 0.0, -0.13395825594779864, 0.0, -0.12800614744086886, 0.0, 0.6845780673772283, 0.0, 0.4662963704101612]","False"
"2048","101","1","0.0025668596755311","4.536381721496582","[0.019256492474406812, -0.055858926982264016, 0.08698416202498527, -0.10975393236113058, 0.12213653990620668, -0.12314230031979251, 0.11298471241468686, -0.09315868674950321, 0.0662194938905028, -0.035473073996901604, 0.004546599741003329, 0.022919281521655316, -0.043787302120161825, 0.05574698523397122, -0.05773614994244239, 0.050128622329444456, -0.034584765450884, 0.013886188870202957, 0.008530514586415495, -0.028842000554139383, 0.043528023109083255, -0.04996300766259778, 0.04699064486482649, -0.034890827378197146, 0.01575059654268566, 0.007058533265016993, -0.029026282415193314, 0.045757790940014795, -0.05362433534452882, 0.0503033055513319, -0.03561439657344446, 0.011713438514195562, 0.016758169281296153, -0.04370852319319595, 0.06252740888712456, -0.0676720900481333, 0.055428224321869106, -0.026720283928844003, -0.014089866547302167, 0.05726043713140747, -0.09078671161636136, 0.10133384498302044, -0.0782832474852845, 0.019020425935007315, 0.06756659840260906, -0.155953607109003, 0.20044804980588976, -0.13472123732576252, -0.12689774925677982, 0.6846009763563781, 0.4649009451286835]","[0.0, 0.019203933279029, 0.0, -0.05575414928313978, 0.0, 0.08693860189824554, 0.0, -0.10982708010633013, 0.0, 0.12227585335886662, 0.0, -0.1232071155497692, 0.0, 0.11292188803034814, 0.0, -0.09301404587493614, 0.0, 0.06615213381381571, 0.0, -0.03556345636953485, 0.0, 0.004705956458023001, 0.0, 0.022863200800217986, 0.0, -0.04387649670466382, 0.0, 0.0558314143219836, 0.0, -0.05770340456374187, 0.0, 0.05005128413325889, 0.0, -0.03462711779389914, 0.0, 0.013978892713854538, 0.0, 0.008569274858082229, 0.0, -0.0289569414097256, 0.0, 0.04347056128305986, 0.0, -0.049793890259533555, 0.0, 0.04706509458597566, 0.0, -0.035081420294852395, 0.0, 0.015643304878371893, 0.0, 0.007078435591424924, 0.0, -0.028806064568618485, 0.0, 0.046085979646437, 0.0, -0.05348689834909778, 0.0, 0.05044221248142696, 0.0, -0.03557118948737357, 0.0, 0.01167744448196854, 0.0, 0.01682491861417046, 0.0, -0.04376078477366384, 0.0, 0.06253650819793757, 0.0, -0.06763156482459151, 0.0, 0.05536870371176929, 0.0, -0.026670961180896454, 0.0, -0.014104144433320365, 0.0, 0.05723757329497389, 0.0, -0.09074634388399413, 0.0, 0.10129255460267644, 0.0, -0.0782699574647473, 0.0, 0.01903337582343982, 0.0, 0.06754069147916084, 0.0, -0.15593745539728776, 0.0, 0.20045438200054833, 0.0, -0.13473849612448552, 0.0, -0.12689098438075583, 0.0, 0.6846083722438407, 0.0, 0.46496304351654144]","False"
"4096","101","1","0.0004826629637939","24.423743963241577","[0.019215747505368978, -0.05578203772084591, 0.08696885189892548, -0.10977482350718798, 0.12213286437754921, -0.12310911762218643, 0.1129829799520319, -0.09318818801850436, 0.06624838349065847, -0.035463364154304705, 0.004537870352189087, 0.02291633035553919, -0.04375477343168048, 0.05572393461447585, -0.057759455589680715, 0.050166302142008005, -0.034618803759945506, 0.013868380280427337, 0.008555014793281746, -0.02885111202735245, 0.04350284399708121, -0.04996139294410105, 0.04693513409823651, -0.034886431453456365, 0.015736278631410326, 0.006959245843585583, -0.028967539731322947, 0.045770568494400754, -0.053657421183713236, 0.05032080964416373, -0.03558769523071854, 0.011783207687859742, 0.016690478237101118, -0.04370132535850332, 0.06256344310111445, -0.06761537973856488, 0.055518714414186154, -0.02669649731521839, -0.013977357146221071, 0.05730002695708408, -0.09078343047609527, 0.10124565493153075, -0.07838690792574882, 0.019103565536758432, 0.06752970994373735, -0.15582945886335636, 0.20043518587265297, -0.1348951539516914, -0.12671154955619124, 0.6845734475133898, 0.46467417904058683]","[0.0, 0.01916261350259296, 0.0, -0.05568153116583187, 0.0, 0.08692249457911486, 0.0, -0.10984590497146687, 0.0, 0.12226681373817419, 0.0, -0.1231725470083351, 0.0, 0.11292231535618784, 0.0, -0.09304673443878485, 0.0, 0.06618488565730107, 0.0, -0.03555222845029239, 0.0, 0.004692471476751753, 0.0, 0.02286285830532344, 0.0, -0.043839647490413046, 0.0, 0.0558075062984653, 0.0, -0.05772539515593154, 0.0, 0.05009561082445799, 0.0, -0.03465560017362658, 0.0, 0.01396195511291123, 0.0, 0.008589429728776616, 0.0, -0.028967899579704564, 0.0, 0.04344739482678636, 0.0, -0.04979388652141258, 0.0, 0.04700946967915698, 0.0, -0.03507340082840825, 0.0, 0.015630318831658076, 0.0, 0.006977875605817449, 0.0, -0.028749536363124155, 0.0, 0.046095511051788426, 0.0, -0.05352551046790888, 0.0, 0.050455856963284695, 0.0, -0.03554279569143243, 0.0, 0.011745135118509595, 0.0, 0.016756936889571278, 0.0, -0.04374670219586622, 0.0, 0.06256942552284278, 0.0, -0.06757961187403996, 0.0, 0.05546033601937732, 0.0, -0.026648192911952896, 0.0, -0.013990941583686788, 0.0, 0.05727676657693467, 0.0, -0.09074053207269511, 0.0, 0.10120964537427099, 0.0, -0.07837531552751104, 0.0, 0.01911552311637326, 0.0, 0.06750563082623132, 0.0, -0.15581610660709944, 0.0, 0.20044040125779733, 0.0, -0.13491131141672502, 0.0, -0.12670530598847196, 0.0, 0.6845787134959472, 0.0, 0.464738225097875]","False"
"8192","101","1","9.324187278504862e-05","44.28869104385376","[0.01921542086462762, -0.055795173887287934, 0.08695763954108933, -0.10977011359978332, 0.12214119367483152, -0.12311849185961, 0.11297273828324847, -0.09317666662398938, 0.0662456022459087, -0.035475957880832396, 0.0045385646033757766, 0.02291013014597571, -0.04375089636897442, 0.05572456971037128, -0.05776562844525449, 0.050185869683400414, -0.03462038116696887, 0.013855017923416457, 0.008565203685001318, -0.02884980208977744, 0.04350426672665188, -0.04994857585826676, 0.04694656081690322, -0.034865670123232315, 0.015752091092644284, 0.006958503752179558, -0.028959458652474727, 0.04578172632002489, -0.05366081921141181, 0.050321780683087194, -0.035603277123240955, 0.011763363561301534, 0.016703237782147357, -0.043687527075674915, 0.06256314661505495, -0.06761466223094355, 0.055528976750757006, -0.026695977321499306, -0.014000968412339977, 0.05730103911047563, -0.09077715598419804, 0.10124858975766884, -0.07836347483855897, 0.019095979214268505, 0.06750513327987652, -0.15583014247714458, 0.20043724224637907, -0.13487230988233723, -0.1267011375227427, 0.6845357611876607, 0.4646441591875168]","[0.0, 0.019164000147665717, 0.0, -0.055694417365838134, 0.0, 0.08691146852775454, 0.0, -0.10984021924228249, 0.0, 0.12227512582801492, 0.0, -0.12318120413077886, 0.0, 0.11291236013900302, 0.0, -0.09303663568010861, 0.0, 0.0661824011747315, 0.0, -0.03556405184820883, 0.0, 0.0046915025804997465, 0.0, 0.02285705466888062, 0.0, -0.043834709056799766, 0.0, 0.05580743661991473, 0.0, -0.057731377981977486, 0.0, 0.05011512292198026, 0.0, -0.03465808237575335, 0.0, 0.013948424330591569, 0.0, 0.008599726412471746, 0.0, -0.028965644422307556, 0.0, 0.04344948650940428, 0.0, -0.04978306810985768, 0.0, 0.047019102352592865, 0.0, -0.03505153419034428, 0.0, 0.015647693191347272, 0.0, 0.006976794209346446, 0.0, -0.028743192943675968, 0.0, 0.04610532749414065, 0.0, -0.053529629965602454, 0.0, 0.05045606502845508, 0.0, -0.035558386598209, 0.0, 0.011725531782866422, 0.0, 0.01676924848115227, 0.0, -0.043733638321813414, 0.0, 0.0625687054378413, 0.0, -0.06757784236908866, 0.0, 0.05547124057932308, 0.0, -0.026648422831752616, 0.0, -0.014014059864136744, 0.0, 0.05727790533034316, 0.0, -0.09073487009930467, 0.0, 0.10121283715718957, 0.0, -0.07835194176699467, 0.0, 0.019109017526924774, 0.0, 0.0674825127143624, 0.0, -0.15581690315657595, 0.0, 0.20044274292566447, 0.0, -0.13488772921504805, 0.0, -0.12669523745128367, 0.0, 0.6845409125138002, 0.0, 0.4647081309557857]","False"
"16384","101","1","1.867838548478692e-05","35.321616888046265","[0.019220341278435436, -0.05579184912460593, 0.08696172249045232, -0.10977040057694523, 0.12214143039809333, -0.12311887993852648, 0.1129718419786662, -0.0931736300655093, 0.06624620919629559, -0.03547599852088326, 0.00454393882544692, 0.02291401653417526, -0.043754546359022796, 0.055723741174450475, -0.0577662768336848, 0.05018365798636453, -0.03461854183742306, 0.013853425577551995, 0.00856791119633979, -0.02884512480551761, 0.043502393973420386, -0.049950080939672785, 0.0469430614873019, -0.03486646263786496, 0.015754352091774483, 0.00696037928509799, -0.028958547445596367, 0.04578131400995168, -0.053660077903929786, 0.050318807232739786, -0.035604710882020614, 0.011764670371050674, 0.016702288629017, -0.04368533598047472, 0.0625641831580804, -0.06761572643666303, 0.055527284886573824, -0.02669660383474797, -0.013999748896381123, 0.05730080725210023, -0.09077807018290819, 0.10124568491718627, -0.07836705532808638, 0.019095081307990293, 0.06750731841154729, -0.15582787855198715, 0.20043308157743947, -0.13487285817924183, -0.1266984833625795, 0.6845295793657173, 0.46463799281383256]","[0.0, 0.019168784945753692, 0.0, -0.055691258176933114, 0.0, 0.08691570075323543, 0.0, -0.10984022547837675, 0.0, 0.12227538484518224, 0.0, -0.12318155041978164, 0.0, 0.11291137707086785, 0.0, -0.09303391106203049, 0.0, 0.0661830070561423, 0.0, -0.03556395701925583, 0.0, 0.004696724593330866, 0.0, 0.022861197440241815, 0.0, -0.04383806602949753, 0.0, 0.055806531466103045, 0.0, -0.057732133935584115, 0.0, 0.050112921078068334, 0.0, -0.034656050925803636, 0.0, 0.013946816744194656, 0.0, 0.008602156555493788, 0.0, -0.028960881500489463, 0.0, 0.04344790460470629, 0.0, -0.04978458092932665, 0.0, 0.047015788836877306, 0.0, -0.03505198984665919, 0.0, 0.015650036918709278, 0.0, 0.00697876275533626, 0.0, -0.028742540049423185, 0.0, 0.04610453183247819, 0.0, -0.05352895318686313, 0.0, 0.05045291054532987, 0.0, -0.0355598584389341, 0.0, 0.01172701692903107, 0.0, 0.01676839481228224, 0.0, -0.04373135051956197, 0.0, 0.06256976459109881, 0.0, -0.06757902814096012, 0.0, 0.05546932768815466, 0.0, -0.026649132386725283, 0.0, -0.014012778943633968, 0.0, 0.05727770382340691, 0.0, -0.09073569099065726, 0.0, 0.10120989810378185, 0.0, -0.07835552685168154, 0.0, 0.0191082841331921, 0.0, 0.06748452219596268, 0.0, -0.15581478803812054, 0.0, 0.2004387086371161, 0.0, -0.1348881785953019, 0.0, -0.12669255107485589, 0.0, 0.6845347836676257, 0.0, 0.46470178109020177]","False"
"32768","101","1","6.174734843859005e-06","63.2763032913208","[0.019219054980564365, -0.05579161072212025, 0.08696284616404695, -0.10976989562538332, 0.12214099052998834, -0.12311881078421627, 0.1129720702462629, -0.0931742362456262, 0.06624580028720162, -0.035475739607343904, 0.004543582893103502, 0.02291447112695886, -0.043753953566463555, 0.05572316492519586, -0.05776541630917833, 0.0501834887505903, -0.03461912687858812, 0.013853960986628123, 0.008566761985124847, -0.0288450264601785, 0.04350299273852641, -0.04995002583194915, 0.046943926497633175, -0.034866032730890895, 0.015753271492074263, 0.006959436151129447, -0.028958015438823956, 0.04578126105797617, -0.05365943133399629, 0.050319364134446536, -0.035605320523114, 0.011764573143893124, 0.01670128384900291, -0.04368510209928252, 0.0625639263755142, -0.06761615016646262, 0.05552732359089642, -0.026697331780473954, -0.01399856271647424, 0.05730178175357017, -0.09077761249419009, 0.10124530218942265, -0.07836708746368251, 0.01909686620022727, 0.0675061387565024, -0.15582712697983783, 0.20043360275540228, -0.13487415827482102, -0.12669611830953476, 0.684529144147409, 0.4646351446271503]","[0.0, 0.019167581757747413, 0.0, -0.05569106055005979, 0.0, 0.08691681542630467, 0.0, -0.10983973346901815, 0.0, 0.12227486316782266, 0.0, -0.12318142585803782, 0.0, 0.1129116449973751, 0.0, -0.09303454784597656, 0.0, 0.06618262136466377, 0.0, -0.03556371330719452, 0.0, 0.004696353672298184, 0.0, 0.022861675632144144, 0.0, -0.04383750332034257, 0.0, 0.0558059098709206, 0.0, -0.05773131629247284, 0.0, 0.05011278031255785, 0.0, -0.03465657557728803, 0.0, 0.01394734111744722, 0.0, 0.008601022140497851, 0.0, -0.028960719836970125, 0.0, 0.04344853120017802, 0.0, -0.04978453901878272, 0.0, 0.047016603032736234, 0.0, -0.03505158436883929, 0.0, 0.015649030201152173, 0.0, 0.0069778977934276485, 0.0, -0.028742038910171942, 0.0, 0.046104396592311164, 0.0, -0.05352836184070264, 0.0, 0.050453421401246756, 0.0, -0.03556045977621104, 0.0, 0.011726924067376732, 0.0, 0.016767347169503375, 0.0, -0.04373105663093006, 0.0, 0.062569550180976, 0.0, -0.06757949588783534, 0.0, 0.055469397663114886, 0.0, -0.02664982967631826, 0.0, -0.014011594888550003, 0.0, 0.05727870126038581, 0.0, -0.09073525959206356, 0.0, 0.10120949948549848, 0.0, -0.07835552228581688, 0.0, 0.019110054781933835, 0.0, 0.0674833647356979, 0.0, -0.15581402258305083, 0.0, 0.20043917084132062, 0.0, -0.1348895128807962, 0.0, -0.12669017514089767, 0.0, 0.6845343336715837, 0.0, 0.46469895918687104]","False"
"65536","101","1","1.6332270790336145e-06","67.3190929889679","[0.019219197415679887, -0.05579154552201816, 0.08696266485664149, -0.10977008556468945, 0.12214108448348825, -0.12311866680882856, 0.11297205321087635, -0.09317424939170087, 0.06624589426407333, -0.03547571666554248, 0.00454370609107212, 0.022914479557849265, -0.04375422980772653, 0.05572304635356292, -0.05776561325189157, 0.05018336190883481, -0.03461903985493924, 0.013854148151920997, 0.008566995371299603, -0.028845118807013674, 0.043503058556828685, -0.04995008436496239, 0.04694349699450723, -0.03486619365554562, 0.015753241218208248, 0.0069594050315407, -0.028957944881711755, 0.045781345939837376, -0.053659504654517604, 0.05031953739743, -0.03560499084985934, 0.01176468448417144, 0.016701415158219695, -0.04368514484156302, 0.06256404065088007, -0.06761607925717046, 0.055527562110340406, -0.02669701392220415, -0.013998869728674443, 0.057301940172107935, -0.09077759362935198, 0.10124543031842392, -0.07836637336837728, 0.01909643501611696, 0.06750613491151668, -0.15582673900039182, 0.20043322961126317, -0.1348740139327596, -0.12669629191855125, 0.6845284496474694, 0.46463497241978186]","[0.0, 0.01916771268418538, 0.0, -0.055691022545834315, 0.0, 0.08691665064927093, 0.0, -0.10983990578199772, 0.0, 0.12227493728211662, 0.0, -0.12318126955290379, 0.0, 0.11291163985443084, 0.0, -0.09303458126051789, 0.0, 0.06618272318789345, 0.0, -0.03556367500433954, 0.0, 0.0046964520723452195, 0.0, 0.02286169400214795, 0.0, -0.04383775512395885, 0.0, 0.055805788159644265, 0.0, -0.05773149291354929, 0.0, 0.05011265896577208, 0.0, -0.034656507047905974, 0.0, 0.01394754219711864, 0.0, 0.00860126646067904, 0.0, -0.028960810145895636, 0.0, 0.04344860349076128, 0.0, -0.04978460381449078, 0.0, 0.04701618429729908, 0.0, -0.035051726192994806, 0.0, 0.015648998124660574, 0.0, 0.006977856514701392, 0.0, -0.028741992008200105, 0.0, 0.04610446060895579, 0.0, -0.053528443661354404, 0.0, 0.05045358005766582, 0.0, -0.03556012717159915, 0.0, 0.011727035207220484, 0.0, 0.016767464076322645, 0.0, -0.043731088710776994, 0.0, 0.06256966359413661, 0.0, -0.06757943608563899, 0.0, 0.05546964127822279, 0.0, -0.026649516970740875, 0.0, -0.014011900711430238, 0.0, 0.05727886995166534, 0.0, -0.09073522970452243, 0.0, 0.10120963939637923, 0.0, -0.07835481246596301, 0.0, 0.01910961849242607, 0.0, 0.06748335266408362, 0.0, -0.15581364420661387, 0.0, 0.200438802629655, 0.0, -0.13488936108827432, 0.0, -0.12669034791598083, 0.0, 0.6845336451813433, 0.0, 0.46469878858603975]","False"
"131072","101","1","5.273005598355952e-07","132.8337440490723","[0.01921922415346308, -0.05579151019803445, 0.08696266839286952, -0.10977013070973501, 0.12214104815297634, -0.12311866443046011, 0.11297202483081768, -0.09317423095782791, 0.06624588075892054, -0.035475718651763515, 0.004543773864067293, 0.022914491042138666, -0.04375419413394739, 0.055723050449964326, -0.05776562100445998, 0.0501833549724611, -0.034619080176693656, 0.013854129880382926, 0.008567000975704637, -0.02884506290800753, 0.043503035678738707, -0.04995005793886745, 0.04694351850355554, -0.03486613904448534, 0.015753327920014708, 0.0069593648566092965, -0.028957900748680196, 0.045781301950315545, -0.05365957173714034, 0.050319540588036935, -0.03560501574888483, 0.011764747368059077, 0.01670141250683684, -0.04368506366549272, 0.06256401038664407, -0.06761610532806765, 0.05552757797060848, -0.026697147586171772, -0.013998822665038484, 0.0573019563666317, -0.0907775524712812, 0.10124540157179271, -0.07836649631144578, 0.019096549294703044, 0.06750602768602476, -0.15582666275502008, 0.20043328651135772, -0.134874174523365, -0.12669603945198019, 0.6845284819577292, 0.46463472188304816]","[0.0, 0.019167743278610247, 0.0, -0.05569098687849299, 0.0, 0.08691665598385073, 0.0, -0.10983994613183533, 0.0, 0.12227489765781145, 0.0, -0.12318126926680624, 0.0, 0.11291161049823759, 0.0, -0.09303456827461717, 0.0, 0.06618271270199998, 0.0, -0.03556367269889207, 0.0, 0.004696518741623746, 0.0, 0.02286171084980112, 0.0, -0.043837716645311435, 0.0, 0.055805788764327596, 0.0, -0.057731504754702775, 0.0, 0.050112651068027675, 0.0, -0.034656545302477706, 0.0, 0.01394752312499688, 0.0, 0.008601268573385994, 0.0, -0.028960755444028867, 0.0, 0.043448582902101275, 0.0, -0.0497845775456259, 0.0, 0.0470162051130404, 0.0, -0.03505166883550931, 0.0, 0.015649087887220418, 0.0, 0.006977816886982593, 0.0, -0.028741952191629935, 0.0, 0.04610441333189682, 0.0, -0.05352851287679088, 0.0, 0.05045358058257436, 0.0, -0.035560150486914646, 0.0, 0.011727099068341663, 0.0, 0.016767462741205514, 0.0, -0.04373100468918823, 0.0, 0.06256963276162872, 0.0, -0.06757946257217229, 0.0, 0.055469656587620875, 0.0, -0.026649651275909583, 0.0, -0.014011852866923559, 0.0, 0.05727888375390801, 0.0, -0.09073518968752113, 0.0, 0.10120961180910185, 0.0, -0.07835493633313251, 0.0, 0.019109734709492354, 0.0, 0.06748324781398844, 0.0, -0.15581356663113116, 0.0, 0.2004388631896154, 0.0, -0.1348895194958577, 0.0, -0.12669009702715273, 0.0, 0.6845336761674072, 0.0, 0.464698534813735]","False"
"262144","101","1","6.999928071920706e-08","567.2773320674896","[0.01921922951900274, -0.055791518079892986, 0.08696267111933516, -0.10977013256279806, 0.12214105561760953, -0.12311865376417053, 0.11297203143351454, -0.09317423565214228, 0.06624587523279178, -0.03547571368788921, 0.0045437655369740815, 0.022914492754722585, -0.043754191785855254, 0.05572305277307707, -0.05776561100545629, 0.05018336085425275, -0.034619067683943544, 0.013854128388824225, 0.00856698939154635, -0.02884506912309175, 0.04350304424499699, -0.049950043018916444, 0.046943529657080915, -0.034866135501789415, 0.01575331833321202, 0.006959373193300013, -0.028957896482777315, 0.04578130244126143, -0.05365955842312606, 0.05031953695527069, -0.0356050251684274, 0.011764739482488127, 0.016701411890753377, -0.04368506697258647, 0.06256400275382379, -0.06761611351128553, 0.05552757617892399, -0.026697130054511447, -0.01399882189860603, 0.057301954952391924, -0.09077754476733155, 0.10124540836843236, -0.07836649023276862, 0.019096540555240012, 0.06750603523339122, -0.15582666352664704, 0.2004332870760397, -0.13487415224497512, -0.12669606249898596, 0.6845284467101799, 0.4646347189740964]","[0.0, 0.019167749369693267, 0.0, -0.05569099415635331, 0.0, 0.08691665880300334, 0.0, -0.10983994846250521, 0.0, 0.12227490516570184, 0.0, -0.12318125793362189, 0.0, 0.11291161749318306, 0.0, -0.09303457264535187, 0.0, 0.0661827072335177, 0.0, -0.03556366776428174, 0.0, 0.004696509976007953, 0.0, 0.022861712053129986, 0.0, -0.043837714685006364, 0.0, 0.05580579099992043, 0.0, -0.05773149478608165, 0.0, 0.0501126572303862, 0.0, -0.0346565321214604, 0.0, 0.013947521784773997, 0.0, 0.008601257542222098, 0.0, -0.02896076080926725, 0.0, 0.043448590995562766, 0.0, -0.04978456341072539, 0.0, 0.047016216702231724, 0.0, -0.03505166430870808, 0.0, 0.015649078641702563, 0.0, 0.00697782508564653, 0.0, -0.02874194864281758, 0.0, 0.046104412765760536, 0.0, -0.05352850003342989, 0.0, 0.05045357661785942, 0.0, -0.03556016012318698, 0.0, 0.011727091134094172, 0.0, 0.016767461824261306, 0.0, -0.043731007908597554, 0.0, 0.0625696255598166, 0.0, -0.06757947058178201, 0.0, 0.055469655073322216, 0.0, -0.02664963332070027, 0.0, -0.014011851637566707, 0.0, 0.057278882906627596, 0.0, -0.09073518218883528, 0.0, 0.10120961814143617, 0.0, -0.0783549299828621, 0.0, 0.019109726102537236, 0.0, 0.06748325591133, 0.0, -0.15581356676409125, 0.0, 0.2004388630011381, 0.0, -0.13488949772207376, 0.0, -0.12669011969242006, 0.0, 0.6845336412565676, 0.0, 0.46469853187182986]","False"
"524288","101","1","4.1206076351806164e-08","1508.870565891266","[0.019219227979450342, -0.055791514564457134, 0.08696267135611971, -0.10977013512416817, 0.12214105335357348, -0.12311865084978194, 0.11297203269127129, -0.09317423731264539, 0.0662458742748052, -0.03547571184706305, 0.004543769431198892, 0.02291449011504639, -0.04375419441527562, 0.05572305569594887, -0.057765609234542464, 0.05018335893106344, -0.03461906716079498, 0.013854129167757271, 0.00856699113225841, -0.028845065647865906, 0.043503038533994606, -0.04995004151860515, 0.04694353035511078, -0.03486613770290159, 0.015753320900216933, 0.006959369656254453, -0.028957895730288848, 0.04578130251621551, -0.05365955635882576, 0.050319539886733766, -0.035605026969587616, 0.01176474105263746, 0.01670140864387896, -0.04368506135012991, 0.06256400186112918, -0.06761611422007963, 0.05552758019604444, -0.026697135396486604, -0.013998818878979278, 0.057301952572678755, -0.09077754366062618, 0.10124541030131465, -0.07836649600679489, 0.019096548271473564, 0.06750603041167633, -0.155826660013531, 0.20043328856192735, -0.13487416499574692, -0.12669606271251854, 0.6845284259615566, 0.4646346928244896]","[0.0, 0.019167747964981607, 0.0, -0.0556909908530626, 0.0, 0.0869166590046141, 0.0, -0.10983995088422972, 0.0, 0.12227490265851448, 0.0, -0.12318125473798683, 0.0, 0.11291161884021839, 0.0, -0.09303457461859425, 0.0, 0.06618270640527424, 0.0, -0.03556366571272863, 0.0, 0.004696513628337474, 0.0, 0.02286170951777063, 0.0, -0.04383771710416219, 0.0, 0.05580579391685478, 0.0, -0.05773149306391527, 0.0, 0.050112655346015667, 0.0, -0.03465653159056396, 0.0, 0.013947522489636922, 0.0, 0.00860125919997859, 0.0, -0.028960757240595228, 0.0, 0.04344858540709855, 0.0, -0.0497845621992151, 0.0, 0.04701621744061579, 0.0, -0.03505166602872511, 0.0, 0.015649081334698806, 0.0, 0.006977821324498155, 0.0, -0.02874194882573156, 0.0, 0.046104411473173026, 0.0, -0.05352849891473074, 0.0, 0.050453578992599474, 0.0, -0.03556016212784173, 0.0, 0.011727092551813834, 0.0, 0.01676745848547826, 0.0, -0.0437310021207185, 0.0, 0.06256962468728608, 0.0, -0.06757947133579109, 0.0, 0.05546965898774242, 0.0, -0.026649638565116984, 0.0, -0.01401184836023247, 0.0, 0.057278880287696496, 0.0, -0.09073518112166598, 0.0, 0.10120962026389174, 0.0, -0.07835493576669599, 0.0, 0.019109733870553584, 0.0, 0.06748325092278906, 0.0, -0.15581356324561024, 0.0, 0.20043886463807414, 0.0, -0.1348895105859153, 0.0, -0.1266901198166575, 0.0, 0.6845336206060119, 0.0, 0.464698505514069]","False"
